Workbook
Name Slicer_Plant: #N/A
Name Slicer_Region: #N/A

Sheet Dashboard
B2: PANB SUMMARY OF COMPLIANCE

Sheet Pivot
A3: Sum of Active Applicable License / Certification | B3: Sum of Total Applicable License / Certification
A4: 391 | B4: 694
B10: =GETPIVOTDATA("[Measures].[Sum of Active Applicable License / Certification]",$A$3) -> 391 | C10: =GETPIVOTDATA("[Measures].[Sum of Total Applicable License / Certification]",$A$3) -> 694 | J10: =GETPIVOTDATA("[Measures].[Sum of Updated Reportorial]",$J$16) -> 22 | K10: =GETPIVOTDATA("[Measures].[Sum of Total Applicable Reportorials]",$J$16) -> 1062
C11: =B10/C10 -> 0.56340058 | D11: =1-C11 -> 0.43659942 | K11: =J10/K10 -> 0.020715631 | L11: =1-K11 -> 0.97928437
J16: Sum of Updated Reportorial | K16: Sum of Total Applicable Reportorials
J17: 22 | K17: 1062

Sheet SUMMARY-Permits
B2: Region | C2: Plant | D2: LGU Business Permit | E2: LGU Sanitary Permit (CHO/MHO) | F2: LGU Environmental Permit (CENRO/MENRO) | G2: LGU Certificate of Registration and Accreditation as Slaughterhouse | H2: LGU Permit to Operate of Piggeries. Poultry Farms, and Other Livestock Raising Entities | I2: LGU Certificate of Potability | J2: DLE Registration of Establishment (DOLE Rule 1020) | K2: DLE Annual Inspection Certificate (Mechanical, Electrical, Occupancy) | L2: DLE Mechanical Permit to Operate (PTO) (Boilers) | M2: DLE Mechanical Permit to Operate (PTO) (Pressure Vessels) | N2: DLE Mechanical Permit to Operate (PTO) (Internal Combustion Engines) | O2: DOLE Permit to Operate (Electrical Installation) | P2: DLE Mechanical Permit to Operate (PTO) (Elevators) | Q2: DLE Mechanical Permit to Operate (PTO) (Cranes and Hoists) | R2: DLE Mechanical Permit to Operate (PTO) (Power Piping) | S2: BFP Fire Safety Inspection Certificate (FSIC) | T2: BFP Fire Safety Clearance for Storage of Flammable/Combustible Liquids | U2: DENR Environmental Compliance Certificate (ECC) | V2: DENR Certificate of Non-Coverage (CNC) | W2: DENR Hazardous Waste Generator's ID Registration | X2: DENR Permit to Operate (Air Pollution Source Installation) | Y2: DENR Permit to Operate (Air Pollution Source Installation No. 2) | Z2: DENR Permit to Operate (Air Pollution Source Installation No. 3) | AA2: DENR Discharge Permit | AB2: DENR Wastewater Discharge Permit No. 2 | AC2: DENR Wastewater Discharge Permit No. 3 | AD2: DENR Wastewater Discharge Exemption Memo | AE2: DENR PCO Accreditation | AF2: DENR Managing Head Accreditation | AG2: DENR Controlled Chemical Order (CCO) Registration | AH2: DENR CCO Importation Clearance | AI2: DENR PCL Compliance Certificate | AJ2: DENR PCL Compliance Certificate Exemption | AK2: DENR PMPIN Compliance Certificate | AL2: DENR SQI Permit | AM2: DENR Polymer Exemption | AN2: BAI Certificate of Feed Establishment Registration (Manufacturer) | AO2: BAI Certificate of Feed Establishment Registration (Importer) | AP2: BAI Certificate of Feed Establishment Registration (Exporter) | AQ2: BAI Certificate of Feed Establishment Registration (Trader)\\ | AR2: BAI Certificate of Feed Establishment Registration (Repacker) | AS2: BAI Certificate of Feed Ingredient Manufacturer | AT2: BAI Certificate of Laboratory Accreditation | AU2: BAI AWA License to Operate - Internal Hatchery (Chicken) | AV2: BAI Animal Disease Monitoring Compliance Certificate | AW2: NWRB Water Extraction Permit (Deepwell No. 1) | AX2: NWRB Water Extraction Permit (Deepwell No. 2) | AY2: NWRB Water Extraction Permit (Deepwell No. 3) | AZ2: NWRB Water Extraction Permit (Deepwell No. 4) | BA2: NWRB Water Extraction Permit (Deepwell No. 5) | BB2: NWRB Water Extraction Permit (Deepwell No. 6) | BC2: FDA License to Operate | BD2: NMIS License to Operate - Dressing / Fabrication of Poultry for Domestic Trade | BE2: NMIS License to Operate - Cold Storage Warehouse (CSW) | BF2: HACCP Certification - Fresh Chilled and Frozen Whole Dressed Chicken | BG2: HACCP Certification - Fresh Chilled and Frozen Unmarinated Deboned Meat | BH2: HACCP Certification - Fresh Chilled and Frozen Unmarinated Bone-in Cut-ups | BI2: HACCP Certification - Fresh Chilled and Frozen Giblets | BJ2: DOE Coal End-User Registration Certificate | BK2: ERC Certificate of Compliance | BL2: PNP Purchaser’s License (For Controlled Substances) | BM2: PDEA License to Handle Controlled Substances | BN2: PDEA License to Handle Precurssors and Essential Chemicals | BP2: Total Applicable License / Certification | BQ2: Active Applicable License / Certification | BR2: %Active
B3: North Luzon | C3: BMP Pangasinan | D3: =IF('BMP Pangasinan'!$H$6="n/a","na",IF('BMP Pangasinan'!$H$6="Active","✓","x")) -> ✓ | E3: =IF('BMP Pangasinan'!$H$7="n/a","na",IF('BMP Pangasinan'!$H$7="Active","✓","x")) -> ✓ | F3: =IF('BMP Pangasinan'!$H$8="n/a","na",IF('BMP Pangasinan'!$H$8="Active","✓","x")) -> ✓ | G3: =IF('BMP Pangasinan'!$H$9="n/a","na",IF('BMP Pangasinan'!$H$9="Active","✓","x")) -> na | H3: =IF('BMP Pangasinan'!$H$10="n/a","na",IF('BMP Pangasinan'!$H$10="Active","✓","x")) -> na | I3: =IF('BMP Pangasinan'!$H$11="n/a","na",IF('BMP Pangasinan'!$H$11="Active","✓","x")) -> na | J3: =IF('BMP Pangasinan'!$H$12="n/a","na",IF('BMP Pangasinan'!$H$12="Active","✓","x")) -> ✓ | K3: =IF('BMP Pangasinan'!$H$13="n/a","na",IF('BMP Pangasinan'!$H$13="Active","✓","x")) -> ✓ | L3: =IF('BMP Pangasinan'!$H$14="n/a","na",IF('BMP Pangasinan'!$H$14="Active","✓","x")) -> ✓ | M3: =IF('BMP Pangasinan'!$H$16="n/a","na",IF('BMP Pangasinan'!$H$16="Active","✓","x")) -> ✓ | N3: =IF('BMP Pangasinan'!$H$17="n/a","na",IF('BMP Pangasinan'!$H$17="Active","✓","x")) -> ✓ | O3: =IF('BMP Pangasinan'!$H$18="n/a","na",IF('BMP Pangasinan'!$H$18="Active","✓","x")) -> ✓ | P3: =IF('BMP Pangasinan'!$H$19="n/a","na",IF('BMP Pangasinan'!$H$19="Active","✓","x")) -> ✓ | Q3: =IF('BMP Pangasinan'!$H$20="n/a","na",IF('BMP Pangasinan'!$H$20="Active","✓","x")) -> na | R3: =IF('BMP Pangasinan'!$H$21="n/a","na",IF('BMP Pangasinan'!$H$21="Active","✓","x")) -> ✓ | S3: =IF('BMP Pangasinan'!$H$22="n/a","na",IF('BMP Pangasinan'!$H$22="Active","✓","x")) -> ✓ | T3: =IF('BMP Pangasinan'!$H$23="n/a","na",IF('BMP Pangasinan'!$H$23="Active","✓","x")) -> ✓ | U3: =IF('BMP Pangasinan'!$H$24="n/a","na",IF('BMP Pangasinan'!$H$24="Active","✓","x")) -> ✓ | V3: =IF('BMP Pangasinan'!$H$25="n/a","na",IF('BMP Pangasinan'!$H$25="Active","✓","x")) -> na | W3: =IF('BMP Pangasinan'!$H$26="n/a","na",IF('BMP Pangasinan'!$H$26="Active","✓","x")) -> ✓ | X3: =IF('BMP Pangasinan'!$H$27="n/a","na",IF('BMP Pangasinan'!$H$27="Active","✓","x")) -> ✓ | Y3: =IF('BMP Pangasinan'!$H$28="n/a","na",IF('BMP Pangasinan'!$H$28="Active","✓","x")) -> na | Z3: =IF('BMP Pangasinan'!$H$29="n/a","na",IF('BMP Pangasinan'!$H$29="Active","✓","x")) -> na | AA3: =IF('BMP Pangasinan'!$H$30="n/a","na",IF('BMP Pangasinan'!$H$30="Active","✓","x")) -> ✓ | AB3: =IF('BMP Pangasinan'!$H$31="n/a","na",IF('BMP Pangasinan'!$H$31="Active","✓","x")) -> na | AC3: =IF('BMP Pangasinan'!$H$32="n/a","na",IF('BMP Pangasinan'!$H$32="Active","✓","x")) -> na | AD3: =IF('BMP Pangasinan'!$H$33="n/a","na",IF('BMP Pangasinan'!$H$33="Active","✓","x")) -> na | AE3: =IF('BMP Pangasinan'!$H$34="n/a","na",IF('BMP Pangasinan'!$H$34="Active","✓","x")) -> ✓ | AF3: =IF('BMP Pangasinan'!$H$35="n/a","na",IF('BMP Pangasinan'!$H$35="Active","✓","x")) -> ✓ | AG3: =IF('BMP Pangasinan'!$H$36="n/a","na",IF('BMP Pangasinan'!$H$36="Active","✓","x")) -> ✓ | AH3: =IF('BMP Pangasinan'!$H$37="n/a","na",IF('BMP Pangasinan'!$H$37="Active","✓","x")) -> na | AI3: =IF('BMP Pangasinan'!$H$38="n/a","na",IF('BMP Pangasinan'!$H$38="Active","✓","x")) -> na | AJ3: =IF('BMP Pangasinan'!$H$39="n/a","na",IF('BMP Pangasinan'!$H$39="Active","✓","x")) -> ✓ | AK3: =IF('BMP Pangasinan'!$H$40="n/a","na",IF('BMP Pangasinan'!$H$40="Active","✓","x")) -> na | AL3: =IF('BMP Pangasinan'!$H$41="n/a","na",IF('BMP Pangasinan'!$H$41="Active","✓","x")) -> na | AM3: =IF('BMP Pangasinan'!$H$42="n/a","na",IF('BMP Pangasinan'!$H$42="Active","✓","x")) -> na | AN3: =IF('BMP Pangasinan'!$H$43="n/a","na",IF('BMP Pangasinan'!$H$43="Active","✓","x")) -> ✓ | AO3: =IF('BMP Pangasinan'!$H$44="n/a","na",IF('BMP Pangasinan'!$H$44="Active","✓","x")) -> ✓ | AP3: =IF('BMP Pangasinan'!$H$45="n/a","na",IF('BMP Pangasinan'!$H$45="Active","✓","x")) -> ✓ | AQ3: =IF('BMP Pangasinan'!$H$46="n/a","na",IF('BMP Pangasinan'!$H$46="Active","✓","x")) -> ✓ | AR3: =IF('BMP Pangasinan'!$H$47="n/a","na",IF('BMP Pangasinan'!$H$47="Active","✓","x")) -> na | AS3: =IF('BMP Pangasinan'!$H$48="n/a","na",IF('BMP Pangasinan'!$H$48="Active","✓","x")) -> na | AT3: =IF('BMP Pangasinan'!$H$49="n/a","na",IF('BMP Pangasinan'!$H$49="Active","✓","x")) -> na | AU3: =IF('BMP Pangasinan'!$H$50="n/a","na",IF('BMP Pangasinan'!$H$50="Active","✓","x")) -> na | AV3: =IF('BMP Pangasinan'!$H$51="n/a","na",IF('BMP Pangasinan'!$H$51="Active","✓","x")) -> na | AW3: =IF('BMP Pangasinan'!$H$52="n/a","na",IF('BMP Pangasinan'!$H$52="Active","✓","x")) -> ✓ | AX3: =IF('BMP Pangasinan'!$H$53="n/a","na",IF('BMP Pangasinan'!$H$53="Active","✓","x")) -> na | AY3: =IF('BMP Pangasinan'!$H$54="n/a","na",IF('BMP Pangasinan'!$H$54="Active","✓","x")) -> na | AZ3: =IF('BMP Pangasinan'!$H$55="n/a","na",IF('BMP Pangasinan'!$H$55="Active","✓","x")) -> na | BA3: =IF('BMP Pangasinan'!$H$56="n/a","na",IF('BMP Pangasinan'!$H$56="Active","✓","x")) -> na | BB3: =IF('BMP Pangasinan'!$H$57="n/a","na",IF('BMP Pangasinan'!$H$57="Active","✓","x")) -> na | BC3: =IF('BMP Pangasinan'!$H$58="n/a","na",IF('BMP Pangasinan'!$H$58="Active","✓","x")) -> na | BD3: =IF('BMP Pangasinan'!$H$59="n/a","na",IF('BMP Pangasinan'!$H$59="Active","✓","x")) -> na | BE3: =IF('BMP Pangasinan'!$H$60="n/a","na",IF('BMP Pangasinan'!$H$60="Active","✓","x")) -> na | BF3: =IF('BMP Pangasinan'!$H$61="n/a","na",IF('BMP Pangasinan'!$H$61="Active","✓","x")) -> na | BG3: =IF('BMP Pangasinan'!$H$62="n/a","na",IF('BMP Pangasinan'!$H$62="Active","✓","x")) -> na | BH3: =IF('BMP Pangasinan'!$H$63="n/a","na",IF('BMP Pangasinan'!$H$63="Active","✓","x")) -> na | BI3: =IF('BMP Pangasinan'!$H$64="n/a","na",IF('BMP Pangasinan'!$H$64="Active","✓","x")) -> na | BJ3: =IF('BMP Pangasinan'!$H$65="n/a","na",IF('BMP Pangasinan'!$H$65="Active","✓","x")) -> na | BK3: =IF('BMP Pangasinan'!$H$66="n/a","na",IF('BMP Pangasinan'!$H$66="Active","✓","x")) -> na | BL3: =IF('BMP Pangasinan'!$H$67="n/a","na",IF('BMP Pangasinan'!$H$67="Active","✓","x")) -> x | BM3: =IF('BMP Pangasinan'!$H$68="n/a","na",IF('BMP Pangasinan'!$H$68="Active","✓","x")) -> na | BN3: =IF('BMP Pangasinan'!$H$69="n/a","na",IF('BMP Pangasinan'!$H$69="Active","✓","x")) -> x | BP3: =COUNTIF(D3:BN3,"*")-COUNTIF(D3:BN3,"NA") -> 28 | BQ3: =COUNTIF(D3:BN3,"✓") -> 26 | BR3: =IFERROR(BQ3/BP3,0) -> 0.92857143
B4: North Luzon | C4: BMP Isabela | D4: =IF('BMP Isabela'!$H$6="n/a","na",IF('BMP Isabela'!$H$6="Active","✓","x")) -> ✓ | E4: =IF('BMP Isabela'!$H$7="n/a","na",IF('BMP Isabela'!$H$7="Active","✓","x")) -> ✓ | F4: =IF('BMP Isabela'!$H$8="n/a","na",IF('BMP Isabela'!$H$8="Active","✓","x")) -> na | G4: =IF('BMP Isabela'!$H$9="n/a","na",IF('BMP Isabela'!$H$9="Active","✓","x")) -> na | H4: =IF('BMP Isabela'!$H$10="n/a","na",IF('BMP Isabela'!$H$10="Active","✓","x")) -> na | I4: =IF('BMP Isabela'!$H$11="n/a","na",IF('BMP Isabela'!$H$11="Active","✓","x")) -> na | J4: =IF('BMP Isabela'!$H$12="n/a","na",IF('BMP Isabela'!$H$12="Active","✓","x")) -> ✓ | K4: =IF('BMP Isabela'!$H$13="n/a","na",IF('BMP Isabela'!$H$13="Active","✓","x")) -> ✓ | L4: =IF('BMP Isabela'!$H$14="n/a","na",IF('BMP Isabela'!$H$14="Active","✓","x")) -> ✓ | M4: =IF('BMP Isabela'!$H$15="n/a","na",IF('BMP Isabela'!$H$15="Active","✓","x")) -> ✓ | N4: =IF('BMP Isabela'!$H$16="n/a","na",IF('BMP Isabela'!$H$16="Active","✓","x")) -> ✓ | O4: =IF('BMP Isabela'!$H$17="n/a","na",IF('BMP Isabela'!$H$17="Active","✓","x")) -> na | P4: =IF('BMP Isabela'!$H$18="n/a","na",IF('BMP Isabela'!$H$18="Active","✓","x")) -> ✓ | Q4: =IF('BMP Isabela'!$H$19="n/a","na",IF('BMP Isabela'!$H$19="Active","✓","x")) -> ✓ | R4: =IF('BMP Isabela'!$H$20="n/a","na",IF('BMP Isabela'!$H$20="Active","✓","x")) -> ✓ | S4: =IF('BMP Isabela'!$H$21="n/a","na",IF('BMP Isabela'!$H$21="Active","✓","x")) -> ✓ | T4: =IF('BMP Isabela'!$H$22="n/a","na",IF('BMP Isabela'!$H$22="Active","✓","x")) -> ✓ | U4: =IF('BMP Isabela'!$H$23="n/a","na",IF('BMP Isabela'!$H$23="Active","✓","x")) -> ✓ | V4: =IF('BMP Isabela'!$H$24="n/a","na",IF('BMP Isabela'!$H$24="Active","✓","x")) -> na | W4: =IF('BMP Isabela'!$H$25="n/a","na",IF('BMP Isabela'!$H$25="Active","✓","x")) -> ✓ | X4: =IF('BMP Isabela'!$H$26="n/a","na",IF('BMP Isabela'!$H$26="Active","✓","x")) -> ✓ | Y4: =IF('BMP Isabela'!$H$27="n/a","na",IF('BMP Isabela'!$H$27="Active","✓","x")) -> na | Z4: =IF('BMP Isabela'!$H$28="n/a","na",IF('BMP Isabela'!$H$28="Active","✓","x")) -> na | AA4: =IF('BMP Isabela'!$H$29="n/a","na",IF('BMP Isabela'!$H$29="Active","✓","x")) -> ✓ | AB4: =IF('BMP Isabela'!$H$30="n/a","na",IF('BMP Isabela'!$H$30="Active","✓","x")) -> na | AC4: =IF('BMP Isabela'!$H$31="n/a","na",IF('BMP Isabela'!$H$31="Active","✓","x")) -> na | AD4: =IF('BMP Isabela'!$H$32="n/a","na",IF('BMP Isabela'!$H$32="Active","✓","x")) -> na | AE4: =IF('BMP Isabela'!$H$33="n/a","na",IF('BMP Isabela'!$H$33="Active","✓","x")) -> ✓ | AF4: =IF('BMP Isabela'!$H$34="n/a","na",IF('BMP Isabela'!$H$34="Active","✓","x")) -> ✓ | AG4: =IF('BMP Isabela'!$H$35="n/a","na",IF('BMP Isabela'!$H$35="Active","✓","x")) -> na | AH4: =IF('BMP Isabela'!$H$36="n/a","na",IF('BMP Isabela'!$H$36="Active","✓","x")) -> na | AI4: =IF('BMP Isabela'!$H$37="n/a","na",IF('BMP Isabela'!$H$37="Active","✓","x")) -> na | AJ4: =IF('BMP Isabela'!$H$38="n/a","na",IF('BMP Isabela'!$H$38="Active","✓","x")) -> na | AK4: =IF('BMP Isabela'!$H$39="n/a","na",IF('BMP Isabela'!$H$39="Active","✓","x")) -> na | AL4: =IF('BMP Isabela'!$H$40="n/a","na",IF('BMP Isabela'!$H$40="Active","✓","x")) -> na | AM4: =IF('BMP Isabela'!$H$41="n/a","na",IF('BMP Isabela'!$H$41="Active","✓","x")) -> na | AN4: =IF('BMP Isabela'!$H$42="n/a","na",IF('BMP Isabela'!$H$42="Active","✓","x")) -> ✓ | AO4: =IF('BMP Isabela'!$H$43="n/a","na",IF('BMP Isabela'!$H$43="Active","✓","x")) -> na | AP4: =IF('BMP Isabela'!$H$44="n/a","na",IF('BMP Isabela'!$H$44="Active","✓","x")) -> na | AQ4: =IF('BMP Isabela'!$H$45="n/a","na",IF('BMP Isabela'!$H$45="Active","✓","x")) -> na | AR4: =IF('BMP Isabela'!$H$46="n/a","na",IF('BMP Isabela'!$H$46="Active","✓","x")) -> na | AS4: =IF('BMP Isabela'!$H$47="n/a","na",IF('BMP Isabela'!$H$47="Active","✓","x")) -> na | AT4: =IF('BMP Isabela'!$H$48="n/a","na",IF('BMP Isabela'!$H$48="Active","✓","x")) -> na | AU4: =IF('BMP Isabela'!$H$49="n/a","na",IF('BMP Isabela'!$H$49="Active","✓","x")) -> na | AV4: =IF('BMP Isabela'!$H$50="n/a","na",IF('BMP Isabela'!$H$50="Active","✓","x")) -> na | AW4: =IF('BMP Isabela'!$H$51="n/a","na",IF('BMP Isabela'!$H$51="Active","✓","x")) -> ✓ | AX4: =IF('BMP Isabela'!$H$52="n/a","na",IF('BMP Isabela'!$H$52="Active","✓","x")) -> ✓ | AY4: =IF('BMP Isabela'!$H$53="n/a","na",IF('BMP Isabela'!$H$53="Active","✓","x")) -> na | AZ4: =IF('BMP Isabela'!$H$54="n/a","na",IF('BMP Isabela'!$H$54="Active","✓","x")) -> na | BA4: =IF('BMP Isabela'!$H$55="n/a","na",IF('BMP Isabela'!$H$55="Active","✓","x")) -> na | BB4: =IF('BMP Isabela'!$H$56="n/a","na",IF('BMP Isabela'!$H$56="Active","✓","x")) -> na | BC4: =IF('BMP Isabela'!$H$57="n/a","na",IF('BMP Isabela'!$H$57="Active","✓","x")) -> na | BD4: =IF('BMP Isabela'!$H$58="n/a","na",IF('BMP Isabela'!$H$58="Active","✓","x")) -> na | BE4: =IF('BMP Isabela'!$H$59="n/a","na",IF('BMP Isabela'!$H$59="Active","✓","x")) -> na | BF4: =IF('BMP Isabela'!$H$60="n/a","na",IF('BMP Isabela'!$H$60="Active","✓","x")) -> na | BG4: =IF('BMP Isabela'!$H$61="n/a","na",IF('BMP Isabela'!$H$61="Active","✓","x")) -> na | BH4: =IF('BMP Isabela'!$H$62="n/a","na",IF('BMP Isabela'!$H$62="Active","✓","x")) -> na | BI4: =IF('BMP Isabela'!$H$63="n/a","na",IF('BMP Isabela'!$H$63="Active","✓","x")) -> na | BJ4: =IF('BMP Isabela'!$H$64="n/a","na",IF('BMP Isabela'!$H$64="Active","✓","x")) -> ✓ | BK4: =IF('BMP Isabela'!$H$65="n/a","na",IF('BMP Isabela'!$H$65="Active","✓","x")) -> na | BL4: =IF('BMP Isabela'!$H$66="n/a","na",IF('BMP Isabela'!$H$66="Active","✓","x")) -> ✓ | BM4: =IF('BMP Isabela'!$H$67="n/a","na",IF('BMP Isabela'!$H$67="Active","✓","x")) -> na | BN4: =IF('BMP Isabela'!$H$68="n/a","na",IF('BMP Isabela'!$H$68="Active","✓","x")) -> ✓ | BP4: =COUNTIF(D4:BN4,"*")-COUNTIF(D4:BN4,"NA") -> 24 | BQ4: =COUNTIF(D4:BN4,"✓") -> 24 | BR4: =IFERROR(BQ4/BP4,0) -> 1
B5: North Luzon | C5: BMP Bataan 1 | D5: =IF('BMP Bataan 1'!$H$6="n/a","na",IF('BMP Bataan 1'!$H$6="Active","✓","x")) -> ✓ | E5: =IF('BMP Bataan 1'!$H$7="n/a","na",IF('BMP Bataan 1'!$H$7="Active","✓","x")) -> ✓ | F5: =IF('BMP Bataan 1'!$H$8="n/a","na",IF('BMP Bataan 1'!$H$8="Active","✓","x")) -> ✓ | G5: =IF('BMP Bataan 1'!$H$9="n/a","na",IF('BMP Bataan 1'!$H$9="Active","✓","x")) -> na | H5: =IF('BMP Bataan 1'!$H$10="n/a","na",IF('BMP Bataan 1'!$H$10="Active","✓","x")) -> na | I5: =IF('BMP Bataan 1'!$H$11="n/a","na",IF('BMP Bataan 1'!$H$11="Active","✓","x")) -> na | J5: =IF('BMP Bataan 1'!$H$12="n/a","na",IF('BMP Bataan 1'!$H$12="Active","✓","x")) -> ✓ | K5: =IF('BMP Bataan 1'!$H$13="n/a","na",IF('BMP Bataan 1'!$H$13="Active","✓","x")) -> ✓ | L5: =IF('BMP Bataan 1'!$H$14="n/a","na",IF('BMP Bataan 1'!$H$14="Active","✓","x")) -> ✓ | M5: =IF('BMP Bataan 1'!$H$15="n/a","na",IF('BMP Bataan 1'!$H$15="Active","✓","x")) -> ✓ | N5: =IF('BMP Bataan 1'!$H$16="n/a","na",IF('BMP Bataan 1'!$H$16="Active","✓","x")) -> ✓ | O5: =IF('BMP Bataan 1'!$H$17="n/a","na",IF('BMP Bataan 1'!$H$17="Active","✓","x")) -> ✓ | P5: =IF('BMP Bataan 1'!$H$18="n/a","na",IF('BMP Bataan 1'!$H$18="Active","✓","x")) -> na | Q5: =IF('BMP Bataan 1'!$H$19="n/a","na",IF('BMP Bataan 1'!$H$19="Active","✓","x")) -> ✓ | R5: =IF('BMP Bataan 1'!$H$20="n/a","na",IF('BMP Bataan 1'!$H$20="Active","✓","x")) -> ✓ | S5: =IF('BMP Bataan 1'!$H$21="n/a","na",IF('BMP Bataan 1'!$H$21="Active","✓","x")) -> ✓ | T5: =IF('BMP Bataan 1'!$H$22="n/a","na",IF('BMP Bataan 1'!$H$22="Active","✓","x")) -> ✓ | U5: =IF('BMP Bataan 1'!$H$23="n/a","na",IF('BMP Bataan 1'!$H$23="Active","✓","x")) -> ✓ | V5: =IF('BMP Bataan 1'!$H$24="n/a","na",IF('BMP Bataan 1'!$H$24="Active","✓","x")) -> na | W5: =IF('BMP Bataan 1'!$H$25="n/a","na",IF('BMP Bataan 1'!$H$25="Active","✓","x")) -> ✓ | X5: =IF('BMP Bataan 1'!$H$26="n/a","na",IF('BMP Bataan 1'!$H$26="Active","✓","x")) -> ✓ | Y5: =IF('BMP Bataan 1'!$H$27="n/a","na",IF('BMP Bataan 1'!$H$27="Active","✓","x")) -> na | Z5: =IF('BMP Bataan 1'!$H$28="n/a","na",IF('BMP Bataan 1'!$H$28="Active","✓","x")) -> na | AA5: =IF('BMP Bataan 1'!$H$29="n/a","na",IF('BMP Bataan 1'!$H$29="Active","✓","x")) -> na | AB5: =IF('BMP Bataan 1'!$H$30="n/a","na",IF('BMP Bataan 1'!$H$30="Active","✓","x")) -> na | AC5: =IF('BMP Bataan 1'!$H$31="n/a","na",IF('BMP Bataan 1'!$H$31="Active","✓","x")) -> na | AD5: =IF('BMP Bataan 1'!$H$32="n/a","na",IF('BMP Bataan 1'!$H$32="Active","✓","x")) -> ✓ | AE5: =IF('BMP Bataan 1'!$H$33="n/a","na",IF('BMP Bataan 1'!$H$33="Active","✓","x")) -> ✓ | AF5: =IF('BMP Bataan 1'!$H$34="n/a","na",IF('BMP Bataan 1'!$H$34="Active","✓","x")) -> ✓ | AG5: =IF('BMP Bataan 1'!$H$35="n/a","na",IF('BMP Bataan 1'!$H$35="Active","✓","x")) -> ✓ | AH5: =IF('BMP Bataan 1'!$H$36="n/a","na",IF('BMP Bataan 1'!$H$36="Active","✓","x")) -> na | AI5: =IF('BMP Bataan 1'!$H$37="n/a","na",IF('BMP Bataan 1'!$H$37="Active","✓","x")) -> na | AJ5: =IF('BMP Bataan 1'!$H$38="n/a","na",IF('BMP Bataan 1'!$H$38="Active","✓","x")) -> ✓ | AK5: =IF('BMP Bataan 1'!$H$39="n/a","na",IF('BMP Bataan 1'!$H$39="Active","✓","x")) -> na | AL5: =IF('BMP Bataan 1'!$H$40="n/a","na",IF('BMP Bataan 1'!$H$40="Active","✓","x")) -> na | AM5: =IF('BMP Bataan 1'!$H$41="n/a","na",IF('BMP Bataan 1'!$H$41="Active","✓","x")) -> na | AN5: =IF('BMP Bataan 1'!$H$42="n/a","na",IF('BMP Bataan 1'!$H$42="Active","✓","x")) -> ✓ | AO5: =IF('BMP Bataan 1'!$H$43="n/a","na",IF('BMP Bataan 1'!$H$43="Active","✓","x")) -> na | AP5: =IF('BMP Bataan 1'!$H$44="n/a","na",IF('BMP Bataan 1'!$H$44="Active","✓","x")) -> na | AQ5: =IF('BMP Bataan 1'!$H$45="n/a","na",IF('BMP Bataan 1'!$H$45="Active","✓","x")) -> na | AR5: =IF('BMP Bataan 1'!$H$46="n/a","na",IF('BMP Bataan 1'!$H$46="Active","✓","x")) -> na | AS5: =IF('BMP Bataan 1'!$H$47="n/a","na",IF('BMP Bataan 1'!$H$47="Active","✓","x")) -> na | AT5: =IF('BMP Bataan 1'!$H$48="n/a","na",IF('BMP Bataan 1'!$H$48="Active","✓","x")) -> x | AU5: =IF('BMP Bataan 1'!$H$49="n/a","na",IF('BMP Bataan 1'!$H$49="Active","✓","x")) -> na | AV5: =IF('BMP Bataan 1'!$H$50="n/a","na",IF('BMP Bataan 1'!$H$50="Active","✓","x")) -> na | AW5: =IF('BMP Bataan 1'!$H$51="n/a","na",IF('BMP Bataan 1'!$H$51="Active","✓","x")) -> na | AX5: =IF('BMP Bataan 1'!$H$52="n/a","na",IF('BMP Bataan 1'!$H$52="Active","✓","x")) -> na | AY5: =IF('BMP Bataan 1'!$H$53="n/a","na",IF('BMP Bataan 1'!$H$53="Active","✓","x")) -> na | AZ5: =IF('BMP Bataan 1'!$H$54="n/a","na",IF('BMP Bataan 1'!$H$54="Active","✓","x")) -> na | BA5: =IF('BMP Bataan 1'!$H$55="n/a","na",IF('BMP Bataan 1'!$H$55="Active","✓","x")) -> na | BB5: =IF('BMP Bataan 1'!$H$56="n/a","na",IF('BMP Bataan 1'!$H$56="Active","✓","x")) -> na | BC5: =IF('BMP Bataan 1'!$H$57="n/a","na",IF('BMP Bataan 1'!$H$57="Active","✓","x")) -> na | BD5: =IF('BMP Bataan 1'!$H$58="n/a","na",IF('BMP Bataan 1'!$H$58="Active","✓","x")) -> na | BE5: =IF('BMP Bataan 1'!$H$59="n/a","na",IF('BMP Bataan 1'!$H$59="Active","✓","x")) -> na | BF5: =IF('BMP Bataan 1'!$H$60="n/a","na",IF('BMP Bataan 1'!$H$60="Active","✓","x")) -> na | BG5: =IF('BMP Bataan 1'!$H$61="n/a","na",IF('BMP Bataan 1'!$H$61="Active","✓","x")) -> na | BH5: =IF('BMP Bataan 1'!$H$62="n/a","na",IF('BMP Bataan 1'!$H$62="Active","✓","x")) -> na | BI5: =IF('BMP Bataan 1'!$H$63="n/a","na",IF('BMP Bataan 1'!$H$63="Active","✓","x")) -> na | BJ5: =IF('BMP Bataan 1'!$H$64="n/a","na",IF('BMP Bataan 1'!$H$64="Active","✓","x")) -> na | BK5: =IF('BMP Bataan 1'!$H$65="n/a","na",IF('BMP Bataan 1'!$H$65="Active","✓","x")) -> x | BL5: =IF('BMP Bataan 1'!$H$66="n/a","na",IF('BMP Bataan 1'!$H$66="Active","✓","x")) -> ✓ | BM5: =IF('BMP Bataan 1'!$H$67="n/a","na",IF('BMP Bataan 1'!$H$67="Active","✓","x")) -> ✓ | BN5: =IF('BMP Bataan 1'!$H$68="n/a","na",IF('BMP Bataan 1'!$H$68="Active","✓","x")) -> ✓ | BP5: =COUNTIF(D5:BN5,"*")-COUNTIF(D5:BN5,"NA") -> 27 | BQ5: =COUNTIF(D5:BN5,"✓") -> 25 | BR5: =IFERROR(BQ5/BP5,0) -> 0.92592593
B6: North Luzon | C6: BMP Bataan 2 | D6: =IF('BMP Bataan 2'!$H$6="n/a","na",IF('BMP Bataan 2'!$H$6="Active","✓","x")) -> ✓ | E6: =IF('BMP Bataan 2'!$H$7="n/a","na",IF('BMP Bataan 2'!$H$7="Active","✓","x")) -> ✓ | F6: =IF('BMP Bataan 2'!$H$8="n/a","na",IF('BMP Bataan 2'!$H$8="Active","✓","x")) -> ✓ | G6: =IF('BMP Bataan 2'!$H$9="n/a","na",IF('BMP Bataan 2'!$H$9="Active","✓","x")) -> na | H6: =IF('BMP Bataan 2'!$H$10="n/a","na",IF('BMP Bataan 2'!$H$10="Active","✓","x")) -> na | I6: =IF('BMP Bataan 2'!$H$11="n/a","na",IF('BMP Bataan 2'!$H$11="Active","✓","x")) -> na | J6: =IF('BMP Bataan 2'!$H$12="n/a","na",IF('BMP Bataan 2'!$H$12="Active","✓","x")) -> ✓ | K6: =IF('BMP Bataan 2'!$H$13="n/a","na",IF('BMP Bataan 2'!$H$13="Active","✓","x")) -> x | L6: =IF('BMP Bataan 2'!$H$14="n/a","na",IF('BMP Bataan 2'!$H$14="Active","✓","x")) -> ✓ | M6: =IF('BMP Bataan 2'!$H$15="n/a","na",IF('BMP Bataan 2'!$H$15="Active","✓","x")) -> ✓ | N6: =IF('BMP Bataan 2'!$H$16="n/a","na",IF('BMP Bataan 2'!$H$16="Active","✓","x")) -> ✓ | O6: =IF('BMP Bataan 2'!$H$17="n/a","na",IF('BMP Bataan 2'!$H$17="Active","✓","x")) -> na | P6: =IF('BMP Bataan 2'!$H$18="n/a","na",IF('BMP Bataan 2'!$H$18="Active","✓","x")) -> ✓ | Q6: =IF('BMP Bataan 2'!$H$19="n/a","na",IF('BMP Bataan 2'!$H$19="Active","✓","x")) -> ✓ | R6: =IF('BMP Bataan 2'!$H$20="n/a","na",IF('BMP Bataan 2'!$H$20="Active","✓","x")) -> ✓ | S6: =IF('BMP Bataan 2'!$H$21="n/a","na",IF('BMP Bataan 2'!$H$21="Active","✓","x")) -> ✓ | T6: =IF('BMP Bataan 2'!$H$22="n/a","na",IF('BMP Bataan 2'!$H$22="Active","✓","x")) -> ✓ | U6: =IF('BMP Bataan 2'!$H$23="n/a","na",IF('BMP Bataan 2'!$H$23="Active","✓","x")) -> ✓ | V6: =IF('BMP Bataan 2'!$H$24="n/a","na",IF('BMP Bataan 2'!$H$24="Active","✓","x")) -> na | W6: =IF('BMP Bataan 2'!$H$25="n/a","na",IF('BMP Bataan 2'!$H$25="Active","✓","x")) -> ✓ | X6: =IF('BMP Bataan 2'!$H$26="n/a","na",IF('BMP Bataan 2'!$H$26="Active","✓","x")) -> ✓ | Y6: =IF('BMP Bataan 2'!$H$27="n/a","na",IF('BMP Bataan 2'!$H$27="Active","✓","x")) -> na | Z6: =IF('BMP Bataan 2'!$H$28="n/a","na",IF('BMP Bataan 2'!$H$28="Active","✓","x")) -> na | AA6: =IF('BMP Bataan 2'!$H$29="n/a","na",IF('BMP Bataan 2'!$H$29="Active","✓","x")) -> na | AB6: =IF('BMP Bataan 2'!$H$30="n/a","na",IF('BMP Bataan 2'!$H$30="Active","✓","x")) -> na | AC6: =IF('BMP Bataan 2'!$H$31="n/a","na",IF('BMP Bataan 2'!$H$31="Active","✓","x")) -> na | AD6: =IF('BMP Bataan 2'!$H$32="n/a","na",IF('BMP Bataan 2'!$H$32="Active","✓","x")) -> ✓ | AE6: =IF('BMP Bataan 2'!$H$33="n/a","na",IF('BMP Bataan 2'!$H$33="Active","✓","x")) -> ✓ | AF6: =IF('BMP Bataan 2'!$H$34="n/a","na",IF('BMP Bataan 2'!$H$34="Active","✓","x")) -> ✓ | AG6: =IF('BMP Bataan 2'!$H$35="n/a","na",IF('BMP Bataan 2'!$H$35="Active","✓","x")) -> na | AH6: =IF('BMP Bataan 2'!$H$36="n/a","na",IF('BMP Bataan 2'!$H$36="Active","✓","x")) -> na | AI6: =IF('BMP Bataan 2'!$H$37="n/a","na",IF('BMP Bataan 2'!$H$37="Active","✓","x")) -> na | AJ6: =IF('BMP Bataan 2'!$H$38="n/a","na",IF('BMP Bataan 2'!$H$38="Active","✓","x")) -> ✓ | AK6: =IF('BMP Bataan 2'!$H$39="n/a","na",IF('BMP Bataan 2'!$H$39="Active","✓","x")) -> na | AL6: =IF('BMP Bataan 2'!$H$40="n/a","na",IF('BMP Bataan 2'!$H$40="Active","✓","x")) -> na | AM6: =IF('BMP Bataan 2'!$H$41="n/a","na",IF('BMP Bataan 2'!$H$41="Active","✓","x")) -> na | AN6: =IF('BMP Bataan 2'!$H$42="n/a","na",IF('BMP Bataan 2'!$H$42="Active","✓","x")) -> ✓ | AO6: =IF('BMP Bataan 2'!$H$43="n/a","na",IF('BMP Bataan 2'!$H$43="Active","✓","x")) -> na | AP6: =IF('BMP Bataan 2'!$H$44="n/a","na",IF('BMP Bataan 2'!$H$44="Active","✓","x")) -> na | AQ6: =IF('BMP Bataan 2'!$H$45="n/a","na",IF('BMP Bataan 2'!$H$45="Active","✓","x")) -> na | AR6: =IF('BMP Bataan 2'!$H$46="n/a","na",IF('BMP Bataan 2'!$H$46="Active","✓","x")) -> na | AS6: =IF('BMP Bataan 2'!$H$47="n/a","na",IF('BMP Bataan 2'!$H$47="Active","✓","x")) -> na | AT6: =IF('BMP Bataan 2'!$H$48="n/a","na",IF('BMP Bataan 2'!$H$48="Active","✓","x")) -> x | AU6: =IF('BMP Bataan 2'!$H$49="n/a","na",IF('BMP Bataan 2'!$H$49="Active","✓","x")) -> na | AV6: =IF('BMP Bataan 2'!$H$50="n/a","na",IF('BMP Bataan 2'!$H$50="Active","✓","x")) -> na | AW6: =IF('BMP Bataan 2'!$H$51="n/a","na",IF('BMP Bataan 2'!$H$51="Active","✓","x")) -> na | AX6: =IF('BMP Bataan 2'!$H$52="n/a","na",IF('BMP Bataan 2'!$H$52="Active","✓","x")) -> na | AY6: =IF('BMP Bataan 2'!$H$53="n/a","na",IF('BMP Bataan 2'!$H$53="Active","✓","x")) -> na | AZ6: =IF('BMP Bataan 2'!$H$54="n/a","na",IF('BMP Bataan 2'!$H$54="Active","✓","x")) -> na | BA6: =IF('BMP Bataan 2'!$H$55="n/a","na",IF('BMP Bataan 2'!$H$55="Active","✓","x")) -> na | BB6: =IF('BMP Bataan 2'!$H$56="n/a","na",IF('BMP Bataan 2'!$H$56="Active","✓","x")) -> na | BC6: =IF('BMP Bataan 2'!$H$57="n/a","na",IF('BMP Bataan 2'!$H$57="Active","✓","x")) -> na | BD6: =IF('BMP Bataan 2'!$H$58="n/a","na",IF('BMP Bataan 2'!$H$58="Active","✓","x")) -> na | BE6: =IF('BMP Bataan 2'!$H$59="n/a","na",IF('BMP Bataan 2'!$H$59="Active","✓","x")) -> na | BF6: =IF('BMP Bataan 2'!$H$60="n/a","na",IF('BMP Bataan 2'!$H$60="Active","✓","x")) -> na | BG6: =IF('BMP Bataan 2'!$H$61="n/a","na",IF('BMP Bataan 2'!$H$61="Active","✓","x")) -> na | BH6: =IF('BMP Bataan 2'!$H$62="n/a","na",IF('BMP Bataan 2'!$H$62="Active","✓","x")) -> na | BI6: =IF('BMP Bataan 2'!$H$63="n/a","na",IF('BMP Bataan 2'!$H$63="Active","✓","x")) -> na | BJ6: =IF('BMP Bataan 2'!$H$64="n/a","na",IF('BMP Bataan 2'!$H$64="Active","✓","x")) -> ✓ | BK6: =IF('BMP Bataan 2'!$H$65="n/a","na",IF('BMP Bataan 2'!$H$65="Active","✓","x")) -> na | BL6: =IF('BMP Bataan 2'!$H$66="n/a","na",IF('BMP Bataan 2'!$H$66="Active","✓","x")) -> ✓ | BM6: =IF('BMP Bataan 2'!$H$67="n/a","na",IF('BMP Bataan 2'!$H$67="Active","✓","x")) -> ✓ | BN6: =IF('BMP Bataan 2'!$H$68="n/a","na",IF('BMP Bataan 2'!$H$68="Active","✓","x")) -> x | BP6: =COUNTIF(D6:BN6,"*")-COUNTIF(D6:BN6,"NA") -> 26 | BQ6: =COUNTIF(D6:BN6,"✓") -> 23 | BR6: =IFERROR(BQ6/BP6,0) -> 0.88461538
B7: North Luzon | C7: BMP Bulacan | D7: =IF('BMP Bulacan'!$H$6="n/a","na",IF('BMP Bulacan'!$H$6="Active","✓","x")) -> ✓ | E7: =IF('BMP Bulacan'!$H$7="n/a","na",IF('BMP Bulacan'!$H$7="Active","✓","x")) -> ✓ | F7: =IF('BMP Bulacan'!$H$8="n/a","na",IF('BMP Bulacan'!$H$8="Active","✓","x")) -> na | G7: =IF('BMP Bulacan'!$H$9="n/a","na",IF('BMP Bulacan'!$H$9="Active","✓","x")) -> na | H7: =IF('BMP Bulacan'!$H$10="n/a","na",IF('BMP Bulacan'!$H$10="Active","✓","x")) -> na | I7: =IF('BMP Bulacan'!$H$11="n/a","na",IF('BMP Bulacan'!$H$11="Active","✓","x")) -> na | J7: =IF('BMP Bulacan'!$H$12="n/a","na",IF('BMP Bulacan'!$H$12="Active","✓","x")) -> ✓ | K7: =IF('BMP Bulacan'!$H$13="n/a","na",IF('BMP Bulacan'!$H$13="Active","✓","x")) -> ✓ | L7: =IF('BMP Bulacan'!$H$14="n/a","na",IF('BMP Bulacan'!$H$14="Active","✓","x")) -> ✓ | M7: =IF('BMP Bulacan'!$H$15="n/a","na",IF('BMP Bulacan'!$H$15="Active","✓","x")) -> ✓ | N7: =IF('BMP Bulacan'!$H$16="n/a","na",IF('BMP Bulacan'!$H$16="Active","✓","x")) -> ✓ | O7: =IF('BMP Bulacan'!$H$17="n/a","na",IF('BMP Bulacan'!$H$17="Active","✓","x")) -> na | P7: =IF('BMP Bulacan'!$H$18="n/a","na",IF('BMP Bulacan'!$H$18="Active","✓","x")) -> ✓ | Q7: =IF('BMP Bulacan'!$H$19="n/a","na",IF('BMP Bulacan'!$H$19="Active","✓","x")) -> ✓ | R7: =IF('BMP Bulacan'!$H$20="n/a","na",IF('BMP Bulacan'!$H$20="Active","✓","x")) -> ✓ | S7: =IF('BMP Bulacan'!$H$21="n/a","na",IF('BMP Bulacan'!$H$21="Active","✓","x")) -> ✓ | T7: =IF('BMP Bulacan'!$H$22="n/a","na",IF('BMP Bulacan'!$H$22="Active","✓","x")) -> ✓ | U7: =IF('BMP Bulacan'!$H$23="n/a","na",IF('BMP Bulacan'!$H$23="Active","✓","x")) -> ✓ | V7: =IF('BMP Bulacan'!$H$24="n/a","na",IF('BMP Bulacan'!$H$24="Active","✓","x")) -> na | W7: =IF('BMP Bulacan'!$H$25="n/a","na",IF('BMP Bulacan'!$H$25="Active","✓","x")) -> ✓ | X7: =IF('BMP Bulacan'!$H$26="n/a","na",IF('BMP Bulacan'!$H$26="Active","✓","x")) -> ✓ | Y7: =IF('BMP Bulacan'!$H$27="n/a","na",IF('BMP Bulacan'!$H$27="Active","✓","x")) -> na | Z7: =IF('BMP Bulacan'!$H$28="n/a","na",IF('BMP Bulacan'!$H$28="Active","✓","x")) -> na | AA7: =IF('BMP Bulacan'!$H$29="n/a","na",IF('BMP Bulacan'!$H$29="Active","✓","x")) -> ✓ | AB7: =IF('BMP Bulacan'!$H$30="n/a","na",IF('BMP Bulacan'!$H$30="Active","✓","x")) -> na | AC7: =IF('BMP Bulacan'!$H$31="n/a","na",IF('BMP Bulacan'!$H$31="Active","✓","x")) -> na | AD7: =IF('BMP Bulacan'!$H$32="n/a","na",IF('BMP Bulacan'!$H$32="Active","✓","x")) -> na | AE7: =IF('BMP Bulacan'!$H$33="n/a","na",IF('BMP Bulacan'!$H$33="Active","✓","x")) -> ✓ | AF7: =IF('BMP Bulacan'!$H$34="n/a","na",IF('BMP Bulacan'!$H$34="Active","✓","x")) -> ✓ | AG7: =IF('BMP Bulacan'!$H$35="n/a","na",IF('BMP Bulacan'!$H$35="Active","✓","x")) -> ✓ | AH7: =IF('BMP Bulacan'!$H$36="n/a","na",IF('BMP Bulacan'!$H$36="Active","✓","x")) -> na | AI7: =IF('BMP Bulacan'!$H$37="n/a","na",IF('BMP Bulacan'!$H$37="Active","✓","x")) -> na | AJ7: =IF('BMP Bulacan'!$H$38="n/a","na",IF('BMP Bulacan'!$H$38="Active","✓","x")) -> na | AK7: =IF('BMP Bulacan'!$H$39="n/a","na",IF('BMP Bulacan'!$H$39="Active","✓","x")) -> na | AL7: =IF('BMP Bulacan'!$H$40="n/a","na",IF('BMP Bulacan'!$H$40="Active","✓","x")) -> na | AM7: =IF('BMP Bulacan'!$H$41="n/a","na",IF('BMP Bulacan'!$H$41="Active","✓","x")) -> na | AN7: =IF('BMP Bulacan'!$H$42="n/a","na",IF('BMP Bulacan'!$H$42="Active","✓","x")) -> ✓ | AO7: =IF('BMP Bulacan'!$H$43="n/a","na",IF('BMP Bulacan'!$H$43="Active","✓","x")) -> na | AP7: =IF('BMP Bulacan'!$H$44="n/a","na",IF('BMP Bulacan'!$H$44="Active","✓","x")) -> na | AQ7: =IF('BMP Bulacan'!$H$45="n/a","na",IF('BMP Bulacan'!$H$45="Active","✓","x")) -> na | AR7: =IF('BMP Bulacan'!$H$46="n/a","na",IF('BMP Bulacan'!$H$46="Active","✓","x")) -> na | AS7: =IF('BMP Bulacan'!$H$47="n/a","na",IF('BMP Bulacan'!$H$47="Active","✓","x")) -> na | AT7: =IF('BMP Bulacan'!$H$48="n/a","na",IF('BMP Bulacan'!$H$48="Active","✓","x")) -> x | AU7: =IF('BMP Bulacan'!$H$49="n/a","na",IF('BMP Bulacan'!$H$49="Active","✓","x")) -> na | AV7: =IF('BMP Bulacan'!$H$50="n/a","na",IF('BMP Bulacan'!$H$50="Active","✓","x")) -> na | AW7: =IF('BMP Bulacan'!$H$51="n/a","na",IF('BMP Bulacan'!$H$51="Active","✓","x")) -> na | AX7: =IF('BMP Bulacan'!$H$52="n/a","na",IF('BMP Bulacan'!$H$52="Active","✓","x")) -> na | AY7: =IF('BMP Bulacan'!$H$53="n/a","na",IF('BMP Bulacan'!$H$53="Active","✓","x")) -> na | AZ7: =IF('BMP Bulacan'!$H$54="n/a","na",IF('BMP Bulacan'!$H$54="Active","✓","x")) -> na | BA7: =IF('BMP Bulacan'!$H$55="n/a","na",IF('BMP Bulacan'!$H$55="Active","✓","x")) -> na | BB7: =IF('BMP Bulacan'!$H$56="n/a","na",IF('BMP Bulacan'!$H$56="Active","✓","x")) -> na | BC7: =IF('BMP Bulacan'!$H$57="n/a","na",IF('BMP Bulacan'!$H$57="Active","✓","x")) -> na | BD7: =IF('BMP Bulacan'!$H$58="n/a","na",IF('BMP Bulacan'!$H$58="Active","✓","x")) -> na | BE7: =IF('BMP Bulacan'!$H$59="n/a","na",IF('BMP Bulacan'!$H$59="Active","✓","x")) -> na | BF7: =IF('BMP Bulacan'!$H$60="n/a","na",IF('BMP Bulacan'!$H$60="Active","✓","x")) -> na | BG7: =IF('BMP Bulacan'!$H$61="n/a","na",IF('BMP Bulacan'!$H$61="Active","✓","x")) -> na | BH7: =IF('BMP Bulacan'!$H$62="n/a","na",IF('BMP Bulacan'!$H$62="Active","✓","x")) -> na | BI7: =IF('BMP Bulacan'!$H$63="n/a","na",IF('BMP Bulacan'!$H$63="Active","✓","x")) -> na | BJ7: =IF('BMP Bulacan'!$H$64="n/a","na",IF('BMP Bulacan'!$H$64="Active","✓","x")) -> ✓ | BK7: =IF('BMP Bulacan'!$H$65="n/a","na",IF('BMP Bulacan'!$H$65="Active","✓","x")) -> na | BL7: =IF('BMP Bulacan'!$H$66="n/a","na",IF('BMP Bulacan'!$H$66="Active","✓","x")) -> ✓ | BM7: =IF('BMP Bulacan'!$H$67="n/a","na",IF('BMP Bulacan'!$H$67="Active","✓","x")) -> ✓ | BN7: =IF('BMP Bulacan'!$H$68="n/a","na",IF('BMP Bulacan'!$H$68="Active","✓","x")) -> ✓ | BP7: =COUNTIF(D7:BN7,"*")-COUNTIF(D7:BN7,"NA") -> 25 | BQ7: =COUNTIF(D7:BN7,"✓") -> 24 | BR7: =IFERROR(BQ7/BP7,0) -> 0.96
B8: North Luzon | C8: BMP Tarlac | D8: =IF('BMP Tarlac'!$H$6="n/a","na",IF('BMP Tarlac'!$H$6="Active","✓","x")) -> ✓ | E8: =IF('BMP Tarlac'!$H$7="n/a","na",IF('BMP Tarlac'!$H$7="Active","✓","x")) -> ✓ | F8: =IF('BMP Tarlac'!$H$8="n/a","na",IF('BMP Tarlac'!$H$8="Active","✓","x")) -> ✓ | G8: =IF('BMP Tarlac'!$H$9="n/a","na",IF('BMP Tarlac'!$H$9="Active","✓","x")) -> na | H8: =IF('BMP Tarlac'!$H$10="n/a","na",IF('BMP Tarlac'!$H$10="Active","✓","x")) -> na | I8: =IF('BMP Tarlac'!$H$11="n/a","na",IF('BMP Tarlac'!$H$11="Active","✓","x")) -> na | J8: =IF('BMP Tarlac'!$H$12="n/a","na",IF('BMP Tarlac'!$H$12="Active","✓","x")) -> ✓ | K8: =IF('BMP Tarlac'!$H$13="n/a","na",IF('BMP Tarlac'!$H$13="Active","✓","x")) -> ✓ | L8: =IF('BMP Tarlac'!$H$14="n/a","na",IF('BMP Tarlac'!$H$14="Active","✓","x")) -> ✓ | M8: =IF('BMP Tarlac'!$H$15="n/a","na",IF('BMP Tarlac'!$H$15="Active","✓","x")) -> ✓ | N8: =IF('BMP Tarlac'!$H$16="n/a","na",IF('BMP Tarlac'!$H$16="Active","✓","x")) -> ✓ | O8: =IF('BMP Tarlac'!$H$17="n/a","na",IF('BMP Tarlac'!$H$17="Active","✓","x")) -> na | P8: =IF('BMP Tarlac'!$H$18="n/a","na",IF('BMP Tarlac'!$H$18="Active","✓","x")) -> ✓ | Q8: =IF('BMP Tarlac'!$H$19="n/a","na",IF('BMP Tarlac'!$H$19="Active","✓","x")) -> na | R8: =IF('BMP Tarlac'!$H$20="n/a","na",IF('BMP Tarlac'!$H$20="Active","✓","x")) -> ✓ | S8: =IF('BMP Tarlac'!$H$21="n/a","na",IF('BMP Tarlac'!$H$21="Active","✓","x")) -> ✓ | T8: =IF('BMP Tarlac'!$H$22="n/a","na",IF('BMP Tarlac'!$H$22="Active","✓","x")) -> x | U8: =IF('BMP Tarlac'!$H$23="n/a","na",IF('BMP Tarlac'!$H$23="Active","✓","x")) -> ✓ | V8: =IF('BMP Tarlac'!$H$24="n/a","na",IF('BMP Tarlac'!$H$24="Active","✓","x")) -> na | W8: =IF('BMP Tarlac'!$H$25="n/a","na",IF('BMP Tarlac'!$H$25="Active","✓","x")) -> ✓ | X8: =IF('BMP Tarlac'!$H$26="n/a","na",IF('BMP Tarlac'!$H$26="Active","✓","x")) -> ✓ | Y8: =IF('BMP Tarlac'!$H$27="n/a","na",IF('BMP Tarlac'!$H$27="Active","✓","x")) -> na | Z8: =IF('BMP Tarlac'!$H$28="n/a","na",IF('BMP Tarlac'!$H$28="Active","✓","x")) -> na | AA8: =IF('BMP Tarlac'!$H$29="n/a","na",IF('BMP Tarlac'!$H$29="Active","✓","x")) -> ✓ | AB8: =IF('BMP Tarlac'!$H$30="n/a","na",IF('BMP Tarlac'!$H$30="Active","✓","x")) -> na | AC8: =IF('BMP Tarlac'!$H$31="n/a","na",IF('BMP Tarlac'!$H$31="Active","✓","x")) -> na | AD8: =IF('BMP Tarlac'!$H$32="n/a","na",IF('BMP Tarlac'!$H$32="Active","✓","x")) -> na | AE8: =IF('BMP Tarlac'!$H$33="n/a","na",IF('BMP Tarlac'!$H$33="Active","✓","x")) -> ✓ | AF8: =IF('BMP Tarlac'!$H$34="n/a","na",IF('BMP Tarlac'!$H$34="Active","✓","x")) -> ✓ | AG8: =IF('BMP Tarlac'!$H$35="n/a","na",IF('BMP Tarlac'!$H$35="Active","✓","x")) -> na | AH8: =IF('BMP Tarlac'!$H$36="n/a","na",IF('BMP Tarlac'!$H$36="Active","✓","x")) -> na | AI8: =IF('BMP Tarlac'!$H$37="n/a","na",IF('BMP Tarlac'!$H$37="Active","✓","x")) -> na | AJ8: =IF('BMP Tarlac'!$H$38="n/a","na",IF('BMP Tarlac'!$H$38="Active","✓","x")) -> ✓ | AK8: =IF('BMP Tarlac'!$H$39="n/a","na",IF('BMP Tarlac'!$H$39="Active","✓","x")) -> na | AL8: =IF('BMP Tarlac'!$H$40="n/a","na",IF('BMP Tarlac'!$H$40="Active","✓","x")) -> na | AM8: =IF('BMP Tarlac'!$H$41="n/a","na",IF('BMP Tarlac'!$H$41="Active","✓","x")) -> na | AN8: =IF('BMP Tarlac'!$H$42="n/a","na",IF('BMP Tarlac'!$H$42="Active","✓","x")) -> ✓ | AO8: =IF('BMP Tarlac'!$H$43="n/a","na",IF('BMP Tarlac'!$H$43="Active","✓","x")) -> na | AP8: =IF('BMP Tarlac'!$H$44="n/a","na",IF('BMP Tarlac'!$H$44="Active","✓","x")) -> na | AQ8: =IF('BMP Tarlac'!$H$45="n/a","na",IF('BMP Tarlac'!$H$45="Active","✓","x")) -> na | AR8: =IF('BMP Tarlac'!$H$46="n/a","na",IF('BMP Tarlac'!$H$46="Active","✓","x")) -> na | AS8: =IF('BMP Tarlac'!$H$47="n/a","na",IF('BMP Tarlac'!$H$47="Active","✓","x")) -> na | AT8: =IF('BMP Tarlac'!$H$48="n/a","na",IF('BMP Tarlac'!$H$48="Active","✓","x")) -> ✓ | AU8: =IF('BMP Tarlac'!$H$49="n/a","na",IF('BMP Tarlac'!$H$49="Active","✓","x")) -> na | AV8: =IF('BMP Tarlac'!$H$50="n/a","na",IF('BMP Tarlac'!$H$50="Active","✓","x")) -> na | AW8: =IF('BMP Tarlac'!$H$51="n/a","na",IF('BMP Tarlac'!$H$51="Active","✓","x")) -> na | AX8: =IF('BMP Tarlac'!$H$52="n/a","na",IF('BMP Tarlac'!$H$52="Active","✓","x")) -> na | AY8: =IF('BMP Tarlac'!$H$53="n/a","na",IF('BMP Tarlac'!$H$53="Active","✓","x")) -> na | AZ8: =IF('BMP Tarlac'!$H$54="n/a","na",IF('BMP Tarlac'!$H$54="Active","✓","x")) -> na | BA8: =IF('BMP Tarlac'!$H$55="n/a","na",IF('BMP Tarlac'!$H$55="Active","✓","x")) -> na | BB8: =IF('BMP Tarlac'!$H$56="n/a","na",IF('BMP Tarlac'!$H$56="Active","✓","x")) -> na | BC8: =IF('BMP Tarlac'!$H$57="n/a","na",IF('BMP Tarlac'!$H$57="Active","✓","x")) -> na | BD8: =IF('BMP Tarlac'!$H$58="n/a","na",IF('BMP Tarlac'!$H$58="Active","✓","x")) -> na | BE8: =IF('BMP Tarlac'!$H$59="n/a","na",IF('BMP Tarlac'!$H$59="Active","✓","x")) -> na | BF8: =IF('BMP Tarlac'!$H$60="n/a","na",IF('BMP Tarlac'!$H$60="Active","✓","x")) -> na | BG8: =IF('BMP Tarlac'!$H$61="n/a","na",IF('BMP Tarlac'!$H$61="Active","✓","x")) -> na | BH8: =IF('BMP Tarlac'!$H$62="n/a","na",IF('BMP Tarlac'!$H$62="Active","✓","x")) -> na | BI8: =IF('BMP Tarlac'!$H$63="n/a","na",IF('BMP Tarlac'!$H$63="Active","✓","x")) -> na | BJ8: =IF('BMP Tarlac'!$H$64="n/a","na",IF('BMP Tarlac'!$H$64="Active","✓","x")) -> na | BK8: =IF('BMP Tarlac'!$H$65="n/a","na",IF('BMP Tarlac'!$H$65="Active","✓","x")) -> na | BL8: =IF('BMP Tarlac'!$H$66="n/a","na",IF('BMP Tarlac'!$H$66="Active","✓","x")) -> ✓ | BM8: =IF('BMP Tarlac'!$H$67="n/a","na",IF('BMP Tarlac'!$H$67="Active","✓","x")) -> na | BN8: =IF('BMP Tarlac'!$H$68="n/a","na",IF('BMP Tarlac'!$H$68="Active","✓","x")) -> ✓ | BP8: =COUNTIF(D8:BN8,"*")-COUNTIF(D8:BN8,"NA") -> 23 | BQ8: =COUNTIF(D8:BN8,"✓") -> 22 | BR8: =IFERROR(BQ8/BP8,0) -> 0.95652174
B9: North Luzon | C9: MPF Bataan | D9: =IF('MPF Bataan'!$H$6="n/a","na",IF('MPF Bataan'!$H$6="Active","✓","x")) -> ✓ | E9: =IF('MPF Bataan'!$H$7="n/a","na",IF('MPF Bataan'!$H$7="Active","✓","x")) -> ✓ | F9: =IF('MPF Bataan'!$H$8="n/a","na",IF('MPF Bataan'!$H$8="Active","✓","x")) -> ✓ | G9: =IF('MPF Bataan'!$H$9="n/a","na",IF('MPF Bataan'!$H$9="Active","✓","x")) -> na | H9: =IF('MPF Bataan'!$H$10="n/a","na",IF('MPF Bataan'!$H$10="Active","✓","x")) -> na | I9: =IF('MPF Bataan'!$H$11="n/a","na",IF('MPF Bataan'!$H$11="Active","✓","x")) -> na | J9: =IF('MPF Bataan'!$H$12="n/a","na",IF('MPF Bataan'!$H$12="Active","✓","x")) -> ✓ | K9: =IF('MPF Bataan'!$H$13="n/a","na",IF('MPF Bataan'!$H$13="Active","✓","x")) -> ✓ | L9: =IF('MPF Bataan'!$H$14="n/a","na",IF('MPF Bataan'!$H$14="Active","✓","x")) -> na | M9: =IF('MPF Bataan'!$H$15="n/a","na",IF('MPF Bataan'!$H$15="Active","✓","x")) -> na | N9: =IF('MPF Bataan'!$H$16="n/a","na",IF('MPF Bataan'!$H$16="Active","✓","x")) -> ✓ | O9: =IF('MPF Bataan'!$H$17="n/a","na",IF('MPF Bataan'!$H$17="Active","✓","x")) -> na | P9: =IF('MPF Bataan'!$H$18="n/a","na",IF('MPF Bataan'!$H$18="Active","✓","x")) -> na | Q9: =IF('MPF Bataan'!$H$19="n/a","na",IF('MPF Bataan'!$H$19="Active","✓","x")) -> na | R9: =IF('MPF Bataan'!$H$20="n/a","na",IF('MPF Bataan'!$H$20="Active","✓","x")) -> na | S9: =IF('MPF Bataan'!$H$21="n/a","na",IF('MPF Bataan'!$H$21="Active","✓","x")) -> x | T9: =IF('MPF Bataan'!$H$22="n/a","na",IF('MPF Bataan'!$H$22="Active","✓","x")) -> x | U9: =IF('MPF Bataan'!$H$23="n/a","na",IF('MPF Bataan'!$H$23="Active","✓","x")) -> ✓ | V9: =IF('MPF Bataan'!$H$24="n/a","na",IF('MPF Bataan'!$H$24="Active","✓","x")) -> na | W9: =IF('MPF Bataan'!$H$25="n/a","na",IF('MPF Bataan'!$H$25="Active","✓","x")) -> ✓ | X9: =IF('MPF Bataan'!$H$26="n/a","na",IF('MPF Bataan'!$H$26="Active","✓","x")) -> ✓ | Y9: =IF('MPF Bataan'!$H$27="n/a","na",IF('MPF Bataan'!$H$27="Active","✓","x")) -> na | Z9: =IF('MPF Bataan'!$H$28="n/a","na",IF('MPF Bataan'!$H$28="Active","✓","x")) -> na | AA9: =IF('MPF Bataan'!$H$29="n/a","na",IF('MPF Bataan'!$H$29="Active","✓","x")) -> ✓ | AB9: =IF('MPF Bataan'!$H$30="n/a","na",IF('MPF Bataan'!$H$30="Active","✓","x")) -> na | AC9: =IF('MPF Bataan'!$H$31="n/a","na",IF('MPF Bataan'!$H$31="Active","✓","x")) -> na | AD9: =IF('MPF Bataan'!$H$32="n/a","na",IF('MPF Bataan'!$H$32="Active","✓","x")) -> na | AE9: =IF('MPF Bataan'!$H$33="n/a","na",IF('MPF Bataan'!$H$33="Active","✓","x")) -> ✓ | AF9: =IF('MPF Bataan'!$H$34="n/a","na",IF('MPF Bataan'!$H$34="Active","✓","x")) -> ✓ | AG9: =IF('MPF Bataan'!$H$35="n/a","na",IF('MPF Bataan'!$H$35="Active","✓","x")) -> na | AH9: =IF('MPF Bataan'!$H$36="n/a","na",IF('MPF Bataan'!$H$36="Active","✓","x")) -> na | AI9: =IF('MPF Bataan'!$H$37="n/a","na",IF('MPF Bataan'!$H$37="Active","✓","x")) -> na | AJ9: =IF('MPF Bataan'!$H$38="n/a","na",IF('MPF Bataan'!$H$38="Active","✓","x")) -> na | AK9: =IF('MPF Bataan'!$H$39="n/a","na",IF('MPF Bataan'!$H$39="Active","✓","x")) -> na | AL9: =IF('MPF Bataan'!$H$40="n/a","na",IF('MPF Bataan'!$H$40="Active","✓","x")) -> na | AM9: =IF('MPF Bataan'!$H$41="n/a","na",IF('MPF Bataan'!$H$41="Active","✓","x")) -> na | AN9: =IF('MPF Bataan'!$H$42="n/a","na",IF('MPF Bataan'!$H$42="Active","✓","x")) -> na | AO9: =IF('MPF Bataan'!$H$43="n/a","na",IF('MPF Bataan'!$H$43="Active","✓","x")) -> na | AP9: =IF('MPF Bataan'!$H$44="n/a","na",IF('MPF Bataan'!$H$44="Active","✓","x")) -> na | AQ9: =IF('MPF Bataan'!$H$45="n/a","na",IF('MPF Bataan'!$H$45="Active","✓","x")) -> na | AR9: =IF('MPF Bataan'!$H$46="n/a","na",IF('MPF Bataan'!$H$46="Active","✓","x")) -> na | AS9: =IF('MPF Bataan'!$H$47="n/a","na",IF('MPF Bataan'!$H$47="Active","✓","x")) -> na | AT9: =IF('MPF Bataan'!$H$48="n/a","na",IF('MPF Bataan'!$H$48="Active","✓","x")) -> na | AU9: =IF('MPF Bataan'!$H$49="n/a","na",IF('MPF Bataan'!$H$49="Active","✓","x")) -> na | AV9: =IF('MPF Bataan'!$H$50="n/a","na",IF('MPF Bataan'!$H$50="Active","✓","x")) -> ✓ | AW9: =IF('MPF Bataan'!$H$51="n/a","na",IF('MPF Bataan'!$H$51="Active","✓","x")) -> ✓ | AX9: =IF('MPF Bataan'!$H$52="n/a","na",IF('MPF Bataan'!$H$52="Active","✓","x")) -> na | AY9: =IF('MPF Bataan'!$H$53="n/a","na",IF('MPF Bataan'!$H$53="Active","✓","x")) -> na | AZ9: =IF('MPF Bataan'!$H$54="n/a","na",IF('MPF Bataan'!$H$54="Active","✓","x")) -> na | BA9: =IF('MPF Bataan'!$H$55="n/a","na",IF('MPF Bataan'!$H$55="Active","✓","x")) -> na | BB9: =IF('MPF Bataan'!$H$56="n/a","na",IF('MPF Bataan'!$H$56="Active","✓","x")) -> na | BC9: =IF('MPF Bataan'!$H$57="n/a","na",IF('MPF Bataan'!$H$57="Active","✓","x")) -> na | BD9: =IF('MPF Bataan'!$H$58="n/a","na",IF('MPF Bataan'!$H$58="Active","✓","x")) -> na | BE9: =IF('MPF Bataan'!$H$59="n/a","na",IF('MPF Bataan'!$H$59="Active","✓","x")) -> na | BF9: =IF('MPF Bataan'!$H$60="n/a","na",IF('MPF Bataan'!$H$60="Active","✓","x")) -> na | BG9: =IF('MPF Bataan'!$H$61="n/a","na",IF('MPF Bataan'!$H$61="Active","✓","x")) -> na | BH9: =IF('MPF Bataan'!$H$62="n/a","na",IF('MPF Bataan'!$H$62="Active","✓","x")) -> na | BI9: =IF('MPF Bataan'!$H$63="n/a","na",IF('MPF Bataan'!$H$63="Active","✓","x")) -> na | BJ9: =IF('MPF Bataan'!$H$64="n/a","na",IF('MPF Bataan'!$H$64="Active","✓","x")) -> na | BK9: =IF('MPF Bataan'!$H$65="n/a","na",IF('MPF Bataan'!$H$65="Active","✓","x")) -> ✓ | BL9: =IF('MPF Bataan'!$H$66="n/a","na",IF('MPF Bataan'!$H$66="Active","✓","x")) -> na | BM9: =IF('MPF Bataan'!$H$67="n/a","na",IF('MPF Bataan'!$H$67="Active","✓","x")) -> na | BN9: =IF('MPF Bataan'!$H$68="n/a","na",IF('MPF Bataan'!$H$68="Active","✓","x")) -> na | BP9: =COUNTIF(D9:BN9,"*")-COUNTIF(D9:BN9,"NA") -> 17 | BQ9: =COUNTIF(D9:BN9,"✓") -> 15 | BR9: =IFERROR(BQ9/BP9,0) -> 0.88235294
B10: North Luzon | C10: MPH Bataan | D10: =IF('MPH Bataan'!$H$6="n/a","na",IF('MPH Bataan'!$H$6="Active","✓","x")) -> ✓ | E10: =IF('MPH Bataan'!$H$7="n/a","na",IF('MPH Bataan'!$H$7="Active","✓","x")) -> ✓ | F10: =IF('MPH Bataan'!$H$8="n/a","na",IF('MPH Bataan'!$H$8="Active","✓","x")) -> ✓ | G10: =IF('MPH Bataan'!$H$9="n/a","na",IF('MPH Bataan'!$H$9="Active","✓","x")) -> na | H10: =IF('MPH Bataan'!$H$10="n/a","na",IF('MPH Bataan'!$H$10="Active","✓","x")) -> na | I10: =IF('MPH Bataan'!$H$11="n/a","na",IF('MPH Bataan'!$H$11="Active","✓","x")) -> na | J10: =IF('MPH Bataan'!$H$12="n/a","na",IF('MPH Bataan'!$H$12="Active","✓","x")) -> ✓ | K10: =IF('MPH Bataan'!$H$13="n/a","na",IF('MPH Bataan'!$H$13="Active","✓","x")) -> x | L10: =IF('MPH Bataan'!$H$14="n/a","na",IF('MPH Bataan'!$H$14="Active","✓","x")) -> na | M10: =IF('MPH Bataan'!$H$15="n/a","na",IF('MPH Bataan'!$H$15="Active","✓","x")) -> ✓ | N10: =IF('MPH Bataan'!$H$16="n/a","na",IF('MPH Bataan'!$H$16="Active","✓","x")) -> ✓ | O10: =IF('MPH Bataan'!$H$17="n/a","na",IF('MPH Bataan'!$H$17="Active","✓","x")) -> na | P10: =IF('MPH Bataan'!$H$18="n/a","na",IF('MPH Bataan'!$H$18="Active","✓","x")) -> na | Q10: =IF('MPH Bataan'!$H$19="n/a","na",IF('MPH Bataan'!$H$19="Active","✓","x")) -> na | R10: =IF('MPH Bataan'!$H$20="n/a","na",IF('MPH Bataan'!$H$20="Active","✓","x")) -> na | S10: =IF('MPH Bataan'!$H$21="n/a","na",IF('MPH Bataan'!$H$21="Active","✓","x")) -> x | T10: =IF('MPH Bataan'!$H$22="n/a","na",IF('MPH Bataan'!$H$22="Active","✓","x")) -> x | U10: =IF('MPH Bataan'!$H$23="n/a","na",IF('MPH Bataan'!$H$23="Active","✓","x")) -> ✓ | V10: =IF('MPH Bataan'!$H$24="n/a","na",IF('MPH Bataan'!$H$24="Active","✓","x")) -> na | W10: =IF('MPH Bataan'!$H$25="n/a","na",IF('MPH Bataan'!$H$25="Active","✓","x")) -> ✓ | X10: =IF('MPH Bataan'!$H$26="n/a","na",IF('MPH Bataan'!$H$26="Active","✓","x")) -> ✓ | Y10: =IF('MPH Bataan'!$H$27="n/a","na",IF('MPH Bataan'!$H$27="Active","✓","x")) -> na | Z10: =IF('MPH Bataan'!$H$28="n/a","na",IF('MPH Bataan'!$H$28="Active","✓","x")) -> na | AA10: =IF('MPH Bataan'!$H$29="n/a","na",IF('MPH Bataan'!$H$29="Active","✓","x")) -> ✓ | AB10: =IF('MPH Bataan'!$H$30="n/a","na",IF('MPH Bataan'!$H$30="Active","✓","x")) -> na | AC10: =IF('MPH Bataan'!$H$31="n/a","na",IF('MPH Bataan'!$H$31="Active","✓","x")) -> na | AD10: =IF('MPH Bataan'!$H$32="n/a","na",IF('MPH Bataan'!$H$32="Active","✓","x")) -> na | AE10: =IF('MPH Bataan'!$H$33="n/a","na",IF('MPH Bataan'!$H$33="Active","✓","x")) -> ✓ | AF10: =IF('MPH Bataan'!$H$34="n/a","na",IF('MPH Bataan'!$H$34="Active","✓","x")) -> ✓ | AG10: =IF('MPH Bataan'!$H$35="n/a","na",IF('MPH Bataan'!$H$35="Active","✓","x")) -> na | AH10: =IF('MPH Bataan'!$H$36="n/a","na",IF('MPH Bataan'!$H$36="Active","✓","x")) -> na | AI10: =IF('MPH Bataan'!$H$37="n/a","na",IF('MPH Bataan'!$H$37="Active","✓","x")) -> na | AJ10: =IF('MPH Bataan'!$H$38="n/a","na",IF('MPH Bataan'!$H$38="Active","✓","x")) -> na | AK10: =IF('MPH Bataan'!$H$39="n/a","na",IF('MPH Bataan'!$H$39="Active","✓","x")) -> na | AL10: =IF('MPH Bataan'!$H$40="n/a","na",IF('MPH Bataan'!$H$40="Active","✓","x")) -> na | AM10: =IF('MPH Bataan'!$H$41="n/a","na",IF('MPH Bataan'!$H$41="Active","✓","x")) -> na | AN10: =IF('MPH Bataan'!$H$42="n/a","na",IF('MPH Bataan'!$H$42="Active","✓","x")) -> na | AO10: =IF('MPH Bataan'!$H$43="n/a","na",IF('MPH Bataan'!$H$43="Active","✓","x")) -> na | AP10: =IF('MPH Bataan'!$H$44="n/a","na",IF('MPH Bataan'!$H$44="Active","✓","x")) -> na | AQ10: =IF('MPH Bataan'!$H$45="n/a","na",IF('MPH Bataan'!$H$45="Active","✓","x")) -> na | AR10: =IF('MPH Bataan'!$H$46="n/a","na",IF('MPH Bataan'!$H$46="Active","✓","x")) -> na | AS10: =IF('MPH Bataan'!$H$47="n/a","na",IF('MPH Bataan'!$H$47="Active","✓","x")) -> na | AT10: =IF('MPH Bataan'!$H$48="n/a","na",IF('MPH Bataan'!$H$48="Active","✓","x")) -> na | AU10: =IF('MPH Bataan'!$H$49="n/a","na",IF('MPH Bataan'!$H$49="Active","✓","x")) -> ✓ | AV10: =IF('MPH Bataan'!$H$50="n/a","na",IF('MPH Bataan'!$H$50="Active","✓","x")) -> ✓ | AW10: =IF('MPH Bataan'!$H$51="n/a","na",IF('MPH Bataan'!$H$51="Active","✓","x")) -> ✓ | AX10: =IF('MPH Bataan'!$H$52="n/a","na",IF('MPH Bataan'!$H$52="Active","✓","x")) -> na | AY10: =IF('MPH Bataan'!$H$53="n/a","na",IF('MPH Bataan'!$H$53="Active","✓","x")) -> na | AZ10: =IF('MPH Bataan'!$H$54="n/a","na",IF('MPH Bataan'!$H$54="Active","✓","x")) -> na | BA10: =IF('MPH Bataan'!$H$55="n/a","na",IF('MPH Bataan'!$H$55="Active","✓","x")) -> na | BB10: =IF('MPH Bataan'!$H$56="n/a","na",IF('MPH Bataan'!$H$56="Active","✓","x")) -> na | BC10: =IF('MPH Bataan'!$H$57="n/a","na",IF('MPH Bataan'!$H$57="Active","✓","x")) -> na | BD10: =IF('MPH Bataan'!$H$58="n/a","na",IF('MPH Bataan'!$H$58="Active","✓","x")) -> na | BE10: =IF('MPH Bataan'!$H$59="n/a","na",IF('MPH Bataan'!$H$59="Active","✓","x")) -> na | BF10: =IF('MPH Bataan'!$H$60="n/a","na",IF('MPH Bataan'!$H$60="Active","✓","x")) -> na | BG10: =IF('MPH Bataan'!$H$61="n/a","na",IF('MPH Bataan'!$H$61="Active","✓","x")) -> na | BH10: =IF('MPH Bataan'!$H$62="n/a","na",IF('MPH Bataan'!$H$62="Active","✓","x")) -> na | BI10: =IF('MPH Bataan'!$H$63="n/a","na",IF('MPH Bataan'!$H$63="Active","✓","x")) -> na | BJ10: =IF('MPH Bataan'!$H$64="n/a","na",IF('MPH Bataan'!$H$64="Active","✓","x")) -> na | BK10: =IF('MPH Bataan'!$H$65="n/a","na",IF('MPH Bataan'!$H$65="Active","✓","x")) -> ✓ | BL10: =IF('MPH Bataan'!$H$66="n/a","na",IF('MPH Bataan'!$H$66="Active","✓","x")) -> na | BM10: =IF('MPH Bataan'!$H$67="n/a","na",IF('MPH Bataan'!$H$67="Active","✓","x")) -> na | BN10: =IF('MPH Bataan'!$H$68="n/a","na",IF('MPH Bataan'!$H$68="Active","✓","x")) -> na | BP10: =COUNTIF(D10:BN10,"*")-COUNTIF(D10:BN10,"NA") -> 19 | BQ10: =COUNTIF(D10:BN10,"✓") -> 16 | BR10: =IFERROR(BQ10/BP10,0) -> 0.84210526
B11: South Luzon | C11: BMP Batangas | D11: =IF('BMP Batangas'!$H$6="n/a","na",IF('BMP Batangas'!$H$6="Active","✓","x")) -> ✓ | E11: =IF('BMP Batangas'!$H$7="n/a","na",IF('BMP Batangas'!$H$7="Active","✓","x")) -> ✓ | F11: =IF('BMP Batangas'!$H$8="n/a","na",IF('BMP Batangas'!$H$8="Active","✓","x")) -> na | G11: =IF('BMP Batangas'!$H$9="n/a","na",IF('BMP Batangas'!$H$9="Active","✓","x")) -> na | H11: =IF('BMP Batangas'!$H$10="n/a","na",IF('BMP Batangas'!$H$10="Active","✓","x")) -> na | I11: =IF('BMP Batangas'!$H$11="n/a","na",IF('BMP Batangas'!$H$11="Active","✓","x")) -> x | J11: =IF('BMP Batangas'!$H$12="n/a","na",IF('BMP Batangas'!$H$12="Active","✓","x")) -> ✓ | K11: =IF('BMP Batangas'!$H$13="n/a","na",IF('BMP Batangas'!$H$13="Active","✓","x")) -> x | L11: =IF('BMP Batangas'!$H$14="n/a","na",IF('BMP Batangas'!$H$14="Active","✓","x")) -> ✓ | M11: =IF('BMP Batangas'!$H$15="n/a","na",IF('BMP Batangas'!$H$15="Active","✓","x")) -> ✓ | N11: =IF('BMP Batangas'!$H$16="n/a","na",IF('BMP Batangas'!$H$16="Active","✓","x")) -> x | O11: =IF('BMP Batangas'!$H$17="n/a","na",IF('BMP Batangas'!$H$17="Active","✓","x")) -> na | P11: =IF('BMP Batangas'!$H$18="n/a","na",IF('BMP Batangas'!$H$18="Active","✓","x")) -> x | Q11: =IF('BMP Batangas'!$H$19="n/a","na",IF('BMP Batangas'!$H$19="Active","✓","x")) -> x | R11: =IF('BMP Batangas'!$H$20="n/a","na",IF('BMP Batangas'!$H$20="Active","✓","x")) -> ✓ | S11: =IF('BMP Batangas'!$H$21="n/a","na",IF('BMP Batangas'!$H$21="Active","✓","x")) -> x | T11: =IF('BMP Batangas'!$H$22="n/a","na",IF('BMP Batangas'!$H$22="Active","✓","x")) -> ✓ | U11: =IF('BMP Batangas'!$H$23="n/a","na",IF('BMP Batangas'!$H$23="Active","✓","x")) -> ✓ | V11: =IF('BMP Batangas'!$H$24="n/a","na",IF('BMP Batangas'!$H$24="Active","✓","x")) -> na | W11: =IF('BMP Batangas'!$H$25="n/a","na",IF('BMP Batangas'!$H$25="Active","✓","x")) -> ✓ | X11: =IF('BMP Batangas'!$H$26="n/a","na",IF('BMP Batangas'!$H$26="Active","✓","x")) -> ✓ | Y11: =IF('BMP Batangas'!$H$27="n/a","na",IF('BMP Batangas'!$H$27="Active","✓","x")) -> ✓ | Z11: =IF('BMP Batangas'!$H$28="n/a","na",IF('BMP Batangas'!$H$28="Active","✓","x")) -> ✓ | AA11: =IF('BMP Batangas'!$H$29="n/a","na",IF('BMP Batangas'!$H$29="Active","✓","x")) -> ✓ | AB11: =IF('BMP Batangas'!$H$30="n/a","na",IF('BMP Batangas'!$H$30="Active","✓","x")) -> na | AC11: =IF('BMP Batangas'!$H$31="n/a","na",IF('BMP Batangas'!$H$31="Active","✓","x")) -> na | AD11: =IF('BMP Batangas'!$H$32="n/a","na",IF('BMP Batangas'!$H$32="Active","✓","x")) -> na | AE11: =IF('BMP Batangas'!$H$33="n/a","na",IF('BMP Batangas'!$H$33="Active","✓","x")) -> ✓ | AF11: =IF('BMP Batangas'!$H$34="n/a","na",IF('BMP Batangas'!$H$34="Active","✓","x")) -> ✓ | AG11: =IF('BMP Batangas'!$H$35="n/a","na",IF('BMP Batangas'!$H$35="Active","✓","x")) -> na | AH11: =IF('BMP Batangas'!$H$36="n/a","na",IF('BMP Batangas'!$H$36="Active","✓","x")) -> na | AI11: =IF('BMP Batangas'!$H$37="n/a","na",IF('BMP Batangas'!$H$37="Active","✓","x")) -> na | AJ11: =IF('BMP Batangas'!$H$38="n/a","na",IF('BMP Batangas'!$H$38="Active","✓","x")) -> ✓ | AK11: =IF('BMP Batangas'!$H$39="n/a","na",IF('BMP Batangas'!$H$39="Active","✓","x")) -> na | AL11: =IF('BMP Batangas'!$H$40="n/a","na",IF('BMP Batangas'!$H$40="Active","✓","x")) -> na | AM11: =IF('BMP Batangas'!$H$41="n/a","na",IF('BMP Batangas'!$H$41="Active","✓","x")) -> na | AN11: =IF('BMP Batangas'!$H$42="n/a","na",IF('BMP Batangas'!$H$42="Active","✓","x")) -> ✓ | AO11: =IF('BMP Batangas'!$H$43="n/a","na",IF('BMP Batangas'!$H$43="Active","✓","x")) -> na | AP11: =IF('BMP Batangas'!$H$44="n/a","na",IF('BMP Batangas'!$H$44="Active","✓","x")) -> na | AQ11: =IF('BMP Batangas'!$H$45="n/a","na",IF('BMP Batangas'!$H$45="Active","✓","x")) -> na | AR11: =IF('BMP Batangas'!$H$46="n/a","na",IF('BMP Batangas'!$H$46="Active","✓","x")) -> na | AS11: =IF('BMP Batangas'!$H$47="n/a","na",IF('BMP Batangas'!$H$47="Active","✓","x")) -> na | AT11: =IF('BMP Batangas'!$H$48="n/a","na",IF('BMP Batangas'!$H$48="Active","✓","x")) -> na | AU11: =IF('BMP Batangas'!$H$49="n/a","na",IF('BMP Batangas'!$H$49="Active","✓","x")) -> na | AV11: =IF('BMP Batangas'!$H$50="n/a","na",IF('BMP Batangas'!$H$50="Active","✓","x")) -> na | AW11: =IF('BMP Batangas'!$H$51="n/a","na",IF('BMP Batangas'!$H$51="Active","✓","x")) -> na | AX11: =IF('BMP Batangas'!$H$52="n/a","na",IF('BMP Batangas'!$H$52="Active","✓","x")) -> na | AY11: =IF('BMP Batangas'!$H$53="n/a","na",IF('BMP Batangas'!$H$53="Active","✓","x")) -> na | AZ11: =IF('BMP Batangas'!$H$54="n/a","na",IF('BMP Batangas'!$H$54="Active","✓","x")) -> na | BA11: =IF('BMP Batangas'!$H$55="n/a","na",IF('BMP Batangas'!$H$55="Active","✓","x")) -> na | BB11: =IF('BMP Batangas'!$H$56="n/a","na",IF('BMP Batangas'!$H$56="Active","✓","x")) -> na | BC11: =IF('BMP Batangas'!$H$57="n/a","na",IF('BMP Batangas'!$H$57="Active","✓","x")) -> x | BD11: =IF('BMP Batangas'!$H$58="n/a","na",IF('BMP Batangas'!$H$58="Active","✓","x")) -> na | BE11: =IF('BMP Batangas'!$H$59="n/a","na",IF('BMP Batangas'!$H$59="Active","✓","x")) -> na | BF11: =IF('BMP Batangas'!$H$60="n/a","na",IF('BMP Batangas'!$H$60="Active","✓","x")) -> na | BG11: =IF('BMP Batangas'!$H$61="n/a","na",IF('BMP Batangas'!$H$61="Active","✓","x")) -> na | BH11: =IF('BMP Batangas'!$H$62="n/a","na",IF('BMP Batangas'!$H$62="Active","✓","x")) -> na | BI11: =IF('BMP Batangas'!$H$63="n/a","na",IF('BMP Batangas'!$H$63="Active","✓","x")) -> na | BJ11: =IF('BMP Batangas'!$H$64="n/a","na",IF('BMP Batangas'!$H$64="Active","✓","x")) -> ✓ | BK11: =IF('BMP Batangas'!$H$65="n/a","na",IF('BMP Batangas'!$H$65="Active","✓","x")) -> na | BL11: =IF('BMP Batangas'!$H$66="n/a","na",IF('BMP Batangas'!$H$66="Active","✓","x")) -> ✓ | BM11: =IF('BMP Batangas'!$H$67="n/a","na",IF('BMP Batangas'!$H$67="Active","✓","x")) -> na | BN11: =IF('BMP Batangas'!$H$68="n/a","na",IF('BMP Batangas'!$H$68="Active","✓","x")) -> ✓ | BP11: =COUNTIF(D11:BN11,"*")-COUNTIF(D11:BN11,"NA") -> 27 | BQ11: =COUNTIF(D11:BN11,"✓") -> 20 | BR11: =IFERROR(BQ11/BP11,0) -> 0.74074074
B12: South Luzon | C12: MPPP Quezon | D12: =IF('MPPP Quezon'!$H$6="n/a","na",IF('MPPP Quezon'!$H$6="Active","✓","x")) -> ✓ | E12: =IF('MPPP Quezon'!$H$7="n/a","na",IF('MPPP Quezon'!$H$7="Active","✓","x")) -> ✓ | F12: =IF('MPPP Quezon'!$H$8="n/a","na",IF('MPPP Quezon'!$H$8="Active","✓","x")) -> x | G12: =IF('MPPP Quezon'!$H$9="n/a","na",IF('MPPP Quezon'!$H$9="Active","✓","x")) -> x | H12: =IF('MPPP Quezon'!$H$10="n/a","na",IF('MPPP Quezon'!$H$10="Active","✓","x")) -> x | I12: =IF('MPPP Quezon'!$H$11="n/a","na",IF('MPPP Quezon'!$H$11="Active","✓","x")) -> x | J12: =IF('MPPP Quezon'!$H$12="n/a","na",IF('MPPP Quezon'!$H$12="Active","✓","x")) -> ✓ | K12: =IF('MPPP Quezon'!$H$13="n/a","na",IF('MPPP Quezon'!$H$13="Active","✓","x")) -> x | L12: =IF('MPPP Quezon'!$H$14="n/a","na",IF('MPPP Quezon'!$H$14="Active","✓","x")) -> x | M12: =IF('MPPP Quezon'!$H$15="n/a","na",IF('MPPP Quezon'!$H$15="Active","✓","x")) -> x | N12: =IF('MPPP Quezon'!$H$16="n/a","na",IF('MPPP Quezon'!$H$16="Active","✓","x")) -> x | O12: =IF('MPPP Quezon'!$H$17="n/a","na",IF('MPPP Quezon'!$H$17="Active","✓","x")) -> x | P12: =IF('MPPP Quezon'!$H$18="n/a","na",IF('MPPP Quezon'!$H$18="Active","✓","x")) -> x | Q12: =IF('MPPP Quezon'!$H$19="n/a","na",IF('MPPP Quezon'!$H$19="Active","✓","x")) -> x | R12: =IF('MPPP Quezon'!$H$20="n/a","na",IF('MPPP Quezon'!$H$20="Active","✓","x")) -> x | S12: =IF('MPPP Quezon'!$H$21="n/a","na",IF('MPPP Quezon'!$H$21="Active","✓","x")) -> ✓ | T12: =IF('MPPP Quezon'!$H$22="n/a","na",IF('MPPP Quezon'!$H$22="Active","✓","x")) -> x | U12: =IF('MPPP Quezon'!$H$23="n/a","na",IF('MPPP Quezon'!$H$23="Active","✓","x")) -> ✓ | V12: =IF('MPPP Quezon'!$H$24="n/a","na",IF('MPPP Quezon'!$H$24="Active","✓","x")) -> na | W12: =IF('MPPP Quezon'!$H$25="n/a","na",IF('MPPP Quezon'!$H$25="Active","✓","x")) -> ✓ | X12: =IF('MPPP Quezon'!$H$26="n/a","na",IF('MPPP Quezon'!$H$26="Active","✓","x")) -> ✓ | Y12: =IF('MPPP Quezon'!$H$27="n/a","na",IF('MPPP Quezon'!$H$27="Active","✓","x")) -> ✓ | Z12: =IF('MPPP Quezon'!$H$28="n/a","na",IF('MPPP Quezon'!$H$28="Active","✓","x")) -> na | AA12: =IF('MPPP Quezon'!$H$29="n/a","na",IF('MPPP Quezon'!$H$29="Active","✓","x")) -> ✓ | AB12: =IF('MPPP Quezon'!$H$30="n/a","na",IF('MPPP Quezon'!$H$30="Active","✓","x")) -> na | AC12: =IF('MPPP Quezon'!$H$31="n/a","na",IF('MPPP Quezon'!$H$31="Active","✓","x")) -> na | AD12: =IF('MPPP Quezon'!$H$32="n/a","na",IF('MPPP Quezon'!$H$32="Active","✓","x")) -> na | AE12: =IF('MPPP Quezon'!$H$33="n/a","na",IF('MPPP Quezon'!$H$33="Active","✓","x")) -> ✓ | AF12: =IF('MPPP Quezon'!$H$34="n/a","na",IF('MPPP Quezon'!$H$34="Active","✓","x")) -> ✓ | AG12: =IF('MPPP Quezon'!$H$35="n/a","na",IF('MPPP Quezon'!$H$35="Active","✓","x")) -> na | AH12: =IF('MPPP Quezon'!$H$36="n/a","na",IF('MPPP Quezon'!$H$36="Active","✓","x")) -> na | AI12: =IF('MPPP Quezon'!$H$37="n/a","na",IF('MPPP Quezon'!$H$37="Active","✓","x")) -> na | AJ12: =IF('MPPP Quezon'!$H$38="n/a","na",IF('MPPP Quezon'!$H$38="Active","✓","x")) -> na | AK12: =IF('MPPP Quezon'!$H$39="n/a","na",IF('MPPP Quezon'!$H$39="Active","✓","x")) -> na | AL12: =IF('MPPP Quezon'!$H$40="n/a","na",IF('MPPP Quezon'!$H$40="Active","✓","x")) -> na | AM12: =IF('MPPP Quezon'!$H$41="n/a","na",IF('MPPP Quezon'!$H$41="Active","✓","x")) -> na | AN12: =IF('MPPP Quezon'!$H$42="n/a","na",IF('MPPP Quezon'!$H$42="Active","✓","x")) -> na | AO12: =IF('MPPP Quezon'!$H$43="n/a","na",IF('MPPP Quezon'!$H$43="Active","✓","x")) -> na | AP12: =IF('MPPP Quezon'!$H$44="n/a","na",IF('MPPP Quezon'!$H$44="Active","✓","x")) -> na | AQ12: =IF('MPPP Quezon'!$H$45="n/a","na",IF('MPPP Quezon'!$H$45="Active","✓","x")) -> na | AR12: =IF('MPPP Quezon'!$H$46="n/a","na",IF('MPPP Quezon'!$H$46="Active","✓","x")) -> na | AS12: =IF('MPPP Quezon'!$H$47="n/a","na",IF('MPPP Quezon'!$H$47="Active","✓","x")) -> x | AT12: =IF('MPPP Quezon'!$H$48="n/a","na",IF('MPPP Quezon'!$H$48="Active","✓","x")) -> na | AU12: =IF('MPPP Quezon'!$H$49="n/a","na",IF('MPPP Quezon'!$H$49="Active","✓","x")) -> na | AV12: =IF('MPPP Quezon'!$H$50="n/a","na",IF('MPPP Quezon'!$H$50="Active","✓","x")) -> x | AW12: =IF('MPPP Quezon'!$H$51="n/a","na",IF('MPPP Quezon'!$H$51="Active","✓","x")) -> x | AX12: =IF('MPPP Quezon'!$H$52="n/a","na",IF('MPPP Quezon'!$H$52="Active","✓","x")) -> x | AY12: =IF('MPPP Quezon'!$H$53="n/a","na",IF('MPPP Quezon'!$H$53="Active","✓","x")) -> x | AZ12: =IF('MPPP Quezon'!$H$54="n/a","na",IF('MPPP Quezon'!$H$54="Active","✓","x")) -> x | BA12: =IF('MPPP Quezon'!$H$55="n/a","na",IF('MPPP Quezon'!$H$55="Active","✓","x")) -> x | BB12: =IF('MPPP Quezon'!$H$56="n/a","na",IF('MPPP Quezon'!$H$56="Active","✓","x")) -> x | BC12: =IF('MPPP Quezon'!$H$57="n/a","na",IF('MPPP Quezon'!$H$57="Active","✓","x")) -> ✓ | BD12: =IF('MPPP Quezon'!$H$58="n/a","na",IF('MPPP Quezon'!$H$58="Active","✓","x")) -> ✓ | BE12: =IF('MPPP Quezon'!$H$59="n/a","na",IF('MPPP Quezon'!$H$59="Active","✓","x")) -> x | BF12: =IF('MPPP Quezon'!$H$60="n/a","na",IF('MPPP Quezon'!$H$60="Active","✓","x")) -> x | BG12: =IF('MPPP Quezon'!$H$61="n/a","na",IF('MPPP Quezon'!$H$61="Active","✓","x")) -> x | BH12: =IF('MPPP Quezon'!$H$62="n/a","na",IF('MPPP Quezon'!$H$62="Active","✓","x")) -> x | BI12: =IF('MPPP Quezon'!$H$63="n/a","na",IF('MPPP Quezon'!$H$63="Active","✓","x")) -> x | BJ12: =IF('MPPP Quezon'!$H$64="n/a","na",IF('MPPP Quezon'!$H$64="Active","✓","x")) -> ✓ | BK12: =IF('MPPP Quezon'!$H$65="n/a","na",IF('MPPP Quezon'!$H$65="Active","✓","x")) -> x | BL12: =IF('MPPP Quezon'!$H$66="n/a","na",IF('MPPP Quezon'!$H$66="Active","✓","x")) -> na | BM12: =IF('MPPP Quezon'!$H$67="n/a","na",IF('MPPP Quezon'!$H$67="Active","✓","x")) -> na | BN12: =IF('MPPP Quezon'!$H$68="n/a","na",IF('MPPP Quezon'!$H$68="Active","✓","x")) -> na | BP12: =COUNTIF(D12:BN12,"*")-COUNTIF(D12:BN12,"NA") -> 41 | BQ12: =COUNTIF(D12:BN12,"✓") -> 14 | BR12: =IFERROR(BQ12/BP12,0) -> 0.34146341
B13: South Luzon | C13: MPPP CamSur | D13: =IF('MPPP CamSur'!$H$6="n/a","na",IF('MPPP CamSur'!$H$6="Active","✓","x")) -> ✓ | E13: =IF('MPPP CamSur'!$H$7="n/a","na",IF('MPPP CamSur'!$H$7="Active","✓","x")) -> ✓ | F13: =IF('MPPP CamSur'!$H$8="n/a","na",IF('MPPP CamSur'!$H$8="Active","✓","x")) -> na | G13: =IF('MPPP CamSur'!$H$9="n/a","na",IF('MPPP CamSur'!$H$9="Active","✓","x")) -> na | H13: =IF('MPPP CamSur'!$H$10="n/a","na",IF('MPPP CamSur'!$H$10="Active","✓","x")) -> na | I13: =IF('MPPP CamSur'!$H$11="n/a","na",IF('MPPP CamSur'!$H$11="Active","✓","x")) -> x | J13: =IF('MPPP CamSur'!$H$12="n/a","na",IF('MPPP CamSur'!$H$12="Active","✓","x")) -> ✓ | K13: =IF('MPPP CamSur'!$H$13="n/a","na",IF('MPPP CamSur'!$H$13="Active","✓","x")) -> ✓ | L13: =IF('MPPP CamSur'!$H$14="n/a","na",IF('MPPP CamSur'!$H$14="Active","✓","x")) -> ✓ | M13: =IF('MPPP CamSur'!$H$15="n/a","na",IF('MPPP CamSur'!$H$15="Active","✓","x")) -> ✓ | N13: =IF('MPPP CamSur'!$H$16="n/a","na",IF('MPPP CamSur'!$H$16="Active","✓","x")) -> ✓ | O13: =IF('MPPP CamSur'!$H$17="n/a","na",IF('MPPP CamSur'!$H$17="Active","✓","x")) -> x | P13: =IF('MPPP CamSur'!$H$18="n/a","na",IF('MPPP CamSur'!$H$18="Active","✓","x")) -> x | Q13: =IF('MPPP CamSur'!$H$19="n/a","na",IF('MPPP CamSur'!$H$19="Active","✓","x")) -> ✓ | R13: =IF('MPPP CamSur'!$H$20="n/a","na",IF('MPPP CamSur'!$H$20="Active","✓","x")) -> ✓ | S13: =IF('MPPP CamSur'!$H$21="n/a","na",IF('MPPP CamSur'!$H$21="Active","✓","x")) -> x | T13: =IF('MPPP CamSur'!$H$22="n/a","na",IF('MPPP CamSur'!$H$22="Active","✓","x")) -> na | U13: =IF('MPPP CamSur'!$H$23="n/a","na",IF('MPPP CamSur'!$H$23="Active","✓","x")) -> ✓ | V13: =IF('MPPP CamSur'!$H$24="n/a","na",IF('MPPP CamSur'!$H$24="Active","✓","x")) -> ✓ | W13: =IF('MPPP CamSur'!$H$25="n/a","na",IF('MPPP CamSur'!$H$25="Active","✓","x")) -> ✓ | X13: =IF('MPPP CamSur'!$H$26="n/a","na",IF('MPPP CamSur'!$H$26="Active","✓","x")) -> ✓ | Y13: =IF('MPPP CamSur'!$H$27="n/a","na",IF('MPPP CamSur'!$H$27="Active","✓","x")) -> ✓ | Z13: =IF('MPPP CamSur'!$H$28="n/a","na",IF('MPPP CamSur'!$H$28="Active","✓","x")) -> ✓ | AA13: =IF('MPPP CamSur'!$H$29="n/a","na",IF('MPPP CamSur'!$H$29="Active","✓","x")) -> x | AB13: =IF('MPPP CamSur'!$H$30="n/a","na",IF('MPPP CamSur'!$H$30="Active","✓","x")) -> na | AC13: =IF('MPPP CamSur'!$H$31="n/a","na",IF('MPPP CamSur'!$H$31="Active","✓","x")) -> na | AD13: =IF('MPPP CamSur'!$H$32="n/a","na",IF('MPPP CamSur'!$H$32="Active","✓","x")) -> na | AE13: =IF('MPPP CamSur'!$H$33="n/a","na",IF('MPPP CamSur'!$H$33="Active","✓","x")) -> x | AF13: =IF('MPPP CamSur'!$H$34="n/a","na",IF('MPPP CamSur'!$H$34="Active","✓","x")) -> x | AG13: =IF('MPPP CamSur'!$H$35="n/a","na",IF('MPPP CamSur'!$H$35="Active","✓","x")) -> na | AH13: =IF('MPPP CamSur'!$H$36="n/a","na",IF('MPPP CamSur'!$H$36="Active","✓","x")) -> na | AI13: =IF('MPPP CamSur'!$H$37="n/a","na",IF('MPPP CamSur'!$H$37="Active","✓","x")) -> na | AJ13: =IF('MPPP CamSur'!$H$38="n/a","na",IF('MPPP CamSur'!$H$38="Active","✓","x")) -> na | AK13: =IF('MPPP CamSur'!$H$39="n/a","na",IF('MPPP CamSur'!$H$39="Active","✓","x")) -> na | AL13: =IF('MPPP CamSur'!$H$40="n/a","na",IF('MPPP CamSur'!$H$40="Active","✓","x")) -> na | AM13: =IF('MPPP CamSur'!$H$41="n/a","na",IF('MPPP CamSur'!$H$41="Active","✓","x")) -> na | AN13: =IF('MPPP CamSur'!$H$42="n/a","na",IF('MPPP CamSur'!$H$42="Active","✓","x")) -> na | AO13: =IF('MPPP CamSur'!$H$43="n/a","na",IF('MPPP CamSur'!$H$43="Active","✓","x")) -> na | AP13: =IF('MPPP CamSur'!$H$44="n/a","na",IF('MPPP CamSur'!$H$44="Active","✓","x")) -> na | AQ13: =IF('MPPP CamSur'!$H$45="n/a","na",IF('MPPP CamSur'!$H$45="Active","✓","x")) -> na | AR13: =IF('MPPP CamSur'!$H$46="n/a","na",IF('MPPP CamSur'!$H$46="Active","✓","x")) -> na | AS13: =IF('MPPP CamSur'!$H$47="n/a","na",IF('MPPP CamSur'!$H$47="Active","✓","x")) -> ✓ | AT13: =IF('MPPP CamSur'!$H$48="n/a","na",IF('MPPP CamSur'!$H$48="Active","✓","x")) -> na | AU13: =IF('MPPP CamSur'!$H$49="n/a","na",IF('MPPP CamSur'!$H$49="Active","✓","x")) -> x | AV13: =IF('MPPP CamSur'!$H$50="n/a","na",IF('MPPP CamSur'!$H$50="Active","✓","x")) -> x | AW13: =IF('MPPP CamSur'!$H$51="n/a","na",IF('MPPP CamSur'!$H$51="Active","✓","x")) -> x | AX13: =IF('MPPP CamSur'!$H$52="n/a","na",IF('MPPP CamSur'!$H$52="Active","✓","x")) -> x | AY13: =IF('MPPP CamSur'!$H$53="n/a","na",IF('MPPP CamSur'!$H$53="Active","✓","x")) -> x | AZ13: =IF('MPPP CamSur'!$H$54="n/a","na",IF('MPPP CamSur'!$H$54="Active","✓","x")) -> x | BA13: =IF('MPPP CamSur'!$H$55="n/a","na",IF('MPPP CamSur'!$H$55="Active","✓","x")) -> x | BB13: =IF('MPPP CamSur'!$H$56="n/a","na",IF('MPPP CamSur'!$H$56="Active","✓","x")) -> x | BC13: =IF('MPPP CamSur'!$H$57="n/a","na",IF('MPPP CamSur'!$H$57="Active","✓","x")) -> ✓ | BD13: =IF('MPPP CamSur'!$H$58="n/a","na",IF('MPPP CamSur'!$H$58="Active","✓","x")) -> x | BE13: =IF('MPPP CamSur'!$H$59="n/a","na",IF('MPPP CamSur'!$H$59="Active","✓","x")) -> x | BF13: =IF('MPPP CamSur'!$H$60="n/a","na",IF('MPPP CamSur'!$H$60="Active","✓","x")) -> x | BG13: =IF('MPPP CamSur'!$H$61="n/a","na",IF('MPPP CamSur'!$H$61="Active","✓","x")) -> x | BH13: =IF('MPPP CamSur'!$H$62="n/a","na",IF('MPPP CamSur'!$H$62="Active","✓","x")) -> x | BI13: =IF('MPPP CamSur'!$H$63="n/a","na",IF('MPPP CamSur'!$H$63="Active","✓","x")) -> x | BJ13: =IF('MPPP CamSur'!$H$64="n/a","na",IF('MPPP CamSur'!$H$64="Active","✓","x")) -> na | BK13: =IF('MPPP CamSur'!$H$65="n/a","na",IF('MPPP CamSur'!$H$65="Active","✓","x")) -> x | BL13: =IF('MPPP CamSur'!$H$66="n/a","na",IF('MPPP CamSur'!$H$66="Active","✓","x")) -> na | BM13: =IF('MPPP CamSur'!$H$67="n/a","na",IF('MPPP CamSur'!$H$67="Active","✓","x")) -> na | BN13: =IF('MPPP CamSur'!$H$68="n/a","na",IF('MPPP CamSur'!$H$68="Active","✓","x")) -> na | BP13: =COUNTIF(D13:BN13,"*")-COUNTIF(D13:BN13,"NA") -> 39 | BQ13: =COUNTIF(D13:BN13,"✓") -> 17 | BR13: =IFERROR(BQ13/BP13,0) -> 0.43589744
B14: South Luzon | C14: MPH Laguna | D14: =IF('MPH Laguna'!$H$6="n/a","na",IF('MPH Laguna'!$H$6="Active","✓","x")) -> ✓ | E14: =IF('MPH Laguna'!$H$7="n/a","na",IF('MPH Laguna'!$H$7="Active","✓","x")) -> ✓ | F14: =IF('MPH Laguna'!$H$8="n/a","na",IF('MPH Laguna'!$H$8="Active","✓","x")) -> x | G14: =IF('MPH Laguna'!$H$9="n/a","na",IF('MPH Laguna'!$H$9="Active","✓","x")) -> na | H14: =IF('MPH Laguna'!$H$10="n/a","na",IF('MPH Laguna'!$H$10="Active","✓","x")) -> x | I14: =IF('MPH Laguna'!$H$11="n/a","na",IF('MPH Laguna'!$H$11="Active","✓","x")) -> x | J14: =IF('MPH Laguna'!$H$12="n/a","na",IF('MPH Laguna'!$H$12="Active","✓","x")) -> x | K14: =IF('MPH Laguna'!$H$13="n/a","na",IF('MPH Laguna'!$H$13="Active","✓","x")) -> x | L14: =IF('MPH Laguna'!$H$14="n/a","na",IF('MPH Laguna'!$H$14="Active","✓","x")) -> x | M14: =IF('MPH Laguna'!$H$15="n/a","na",IF('MPH Laguna'!$H$15="Active","✓","x")) -> x | N14: =IF('MPH Laguna'!$H$16="n/a","na",IF('MPH Laguna'!$H$16="Active","✓","x")) -> ✓ | O14: =IF('MPH Laguna'!$H$17="n/a","na",IF('MPH Laguna'!$H$17="Active","✓","x")) -> na | P14: =IF('MPH Laguna'!$H$18="n/a","na",IF('MPH Laguna'!$H$18="Active","✓","x")) -> na | Q14: =IF('MPH Laguna'!$H$19="n/a","na",IF('MPH Laguna'!$H$19="Active","✓","x")) -> na | R14: =IF('MPH Laguna'!$H$20="n/a","na",IF('MPH Laguna'!$H$20="Active","✓","x")) -> na | S14: =IF('MPH Laguna'!$H$21="n/a","na",IF('MPH Laguna'!$H$21="Active","✓","x")) -> x | T14: =IF('MPH Laguna'!$H$22="n/a","na",IF('MPH Laguna'!$H$22="Active","✓","x")) -> x | U14: =IF('MPH Laguna'!$H$23="n/a","na",IF('MPH Laguna'!$H$23="Active","✓","x")) -> ✓ | V14: =IF('MPH Laguna'!$H$24="n/a","na",IF('MPH Laguna'!$H$24="Active","✓","x")) -> na | W14: =IF('MPH Laguna'!$H$25="n/a","na",IF('MPH Laguna'!$H$25="Active","✓","x")) -> ✓ | X14: =IF('MPH Laguna'!$H$26="n/a","na",IF('MPH Laguna'!$H$26="Active","✓","x")) -> ✓ | Y14: =IF('MPH Laguna'!$H$27="n/a","na",IF('MPH Laguna'!$H$27="Active","✓","x")) -> na | Z14: =IF('MPH Laguna'!$H$28="n/a","na",IF('MPH Laguna'!$H$28="Active","✓","x")) -> na | AA14: =IF('MPH Laguna'!$H$29="n/a","na",IF('MPH Laguna'!$H$29="Active","✓","x")) -> x | AB14: =IF('MPH Laguna'!$H$30="n/a","na",IF('MPH Laguna'!$H$30="Active","✓","x")) -> na | AC14: =IF('MPH Laguna'!$H$31="n/a","na",IF('MPH Laguna'!$H$31="Active","✓","x")) -> na | AD14: =IF('MPH Laguna'!$H$32="n/a","na",IF('MPH Laguna'!$H$32="Active","✓","x")) -> na | AE14: =IF('MPH Laguna'!$H$33="n/a","na",IF('MPH Laguna'!$H$33="Active","✓","x")) -> x | AF14: =IF('MPH Laguna'!$H$34="n/a","na",IF('MPH Laguna'!$H$34="Active","✓","x")) -> x | AG14: =IF('MPH Laguna'!$H$35="n/a","na",IF('MPH Laguna'!$H$35="Active","✓","x")) -> na | AH14: =IF('MPH Laguna'!$H$36="n/a","na",IF('MPH Laguna'!$H$36="Active","✓","x")) -> na | AI14: =IF('MPH Laguna'!$H$37="n/a","na",IF('MPH Laguna'!$H$37="Active","✓","x")) -> na | AJ14: =IF('MPH Laguna'!$H$38="n/a","na",IF('MPH Laguna'!$H$38="Active","✓","x")) -> na | AK14: =IF('MPH Laguna'!$H$39="n/a","na",IF('MPH Laguna'!$H$39="Active","✓","x")) -> na | AL14: =IF('MPH Laguna'!$H$40="n/a","na",IF('MPH Laguna'!$H$40="Active","✓","x")) -> na | AM14: =IF('MPH Laguna'!$H$41="n/a","na",IF('MPH Laguna'!$H$41="Active","✓","x")) -> na | AN14: =IF('MPH Laguna'!$H$42="n/a","na",IF('MPH Laguna'!$H$42="Active","✓","x")) -> x | AO14: =IF('MPH Laguna'!$H$43="n/a","na",IF('MPH Laguna'!$H$43="Active","✓","x")) -> na | AP14: =IF('MPH Laguna'!$H$44="n/a","na",IF('MPH Laguna'!$H$44="Active","✓","x")) -> na | AQ14: =IF('MPH Laguna'!$H$45="n/a","na",IF('MPH Laguna'!$H$45="Active","✓","x")) -> na | AR14: =IF('MPH Laguna'!$H$46="n/a","na",IF('MPH Laguna'!$H$46="Active","✓","x")) -> na | AS14: =IF('MPH Laguna'!$H$47="n/a","na",IF('MPH Laguna'!$H$47="Active","✓","x")) -> na | AT14: =IF('MPH Laguna'!$H$48="n/a","na",IF('MPH Laguna'!$H$48="Active","✓","x")) -> na | AU14: =IF('MPH Laguna'!$H$49="n/a","na",IF('MPH Laguna'!$H$49="Active","✓","x")) -> x | AV14: =IF('MPH Laguna'!$H$50="n/a","na",IF('MPH Laguna'!$H$50="Active","✓","x")) -> x | AW14: =IF('MPH Laguna'!$H$51="n/a","na",IF('MPH Laguna'!$H$51="Active","✓","x")) -> ✓ | AX14: =IF('MPH Laguna'!$H$52="n/a","na",IF('MPH Laguna'!$H$52="Active","✓","x")) -> na | AY14: =IF('MPH Laguna'!$H$53="n/a","na",IF('MPH Laguna'!$H$53="Active","✓","x")) -> na | AZ14: =IF('MPH Laguna'!$H$54="n/a","na",IF('MPH Laguna'!$H$54="Active","✓","x")) -> na | BA14: =IF('MPH Laguna'!$H$55="n/a","na",IF('MPH Laguna'!$H$55="Active","✓","x")) -> na | BB14: =IF('MPH Laguna'!$H$56="n/a","na",IF('MPH Laguna'!$H$56="Active","✓","x")) -> na | BC14: =IF('MPH Laguna'!$H$57="n/a","na",IF('MPH Laguna'!$H$57="Active","✓","x")) -> x | BD14: =IF('MPH Laguna'!$H$58="n/a","na",IF('MPH Laguna'!$H$58="Active","✓","x")) -> na | BE14: =IF('MPH Laguna'!$H$59="n/a","na",IF('MPH Laguna'!$H$59="Active","✓","x")) -> na | BF14: =IF('MPH Laguna'!$H$60="n/a","na",IF('MPH Laguna'!$H$60="Active","✓","x")) -> na | BG14: =IF('MPH Laguna'!$H$61="n/a","na",IF('MPH Laguna'!$H$61="Active","✓","x")) -> na | BH14: =IF('MPH Laguna'!$H$62="n/a","na",IF('MPH Laguna'!$H$62="Active","✓","x")) -> na | BI14: =IF('MPH Laguna'!$H$63="n/a","na",IF('MPH Laguna'!$H$63="Active","✓","x")) -> na | BJ14: =IF('MPH Laguna'!$H$64="n/a","na",IF('MPH Laguna'!$H$64="Active","✓","x")) -> na | BK14: =IF('MPH Laguna'!$H$65="n/a","na",IF('MPH Laguna'!$H$65="Active","✓","x")) -> x | BL14: =IF('MPH Laguna'!$H$66="n/a","na",IF('MPH Laguna'!$H$66="Active","✓","x")) -> na | BM14: =IF('MPH Laguna'!$H$67="n/a","na",IF('MPH Laguna'!$H$67="Active","✓","x")) -> na | BN14: =IF('MPH Laguna'!$H$68="n/a","na",IF('MPH Laguna'!$H$68="Active","✓","x")) -> x | BP14: =COUNTIF(D14:BN14,"*")-COUNTIF(D14:BN14,"NA") -> 25 | BQ14: =COUNTIF(D14:BN14,"✓") -> 7 | BR14: =IFERROR(BQ14/BP14,0) -> 0.28
B15: South Luzon | C15: MPH CamSur | D15: =IF('MPH CamSur'!$H$6="n/a","na",IF('MPH CamSur'!$H$6="Active","✓","x")) -> ✓ | E15: =IF('MPH CamSur'!$H$7="n/a","na",IF('MPH CamSur'!$H$7="Active","✓","x")) -> ✓ | F15: =IF('MPH CamSur'!$H$8="n/a","na",IF('MPH CamSur'!$H$8="Active","✓","x")) -> na | G15: =IF('MPH CamSur'!$H$9="n/a","na",IF('MPH CamSur'!$H$9="Active","✓","x")) -> na | H15: =IF('MPH CamSur'!$H$10="n/a","na",IF('MPH CamSur'!$H$10="Active","✓","x")) -> na | I15: =IF('MPH CamSur'!$H$11="n/a","na",IF('MPH CamSur'!$H$11="Active","✓","x")) -> x | J15: =IF('MPH CamSur'!$H$12="n/a","na",IF('MPH CamSur'!$H$12="Active","✓","x")) -> ✓ | K15: =IF('MPH CamSur'!$H$13="n/a","na",IF('MPH CamSur'!$H$13="Active","✓","x")) -> na | L15: =IF('MPH CamSur'!$H$14="n/a","na",IF('MPH CamSur'!$H$14="Active","✓","x")) -> ✓ | M15: =IF('MPH CamSur'!$H$15="n/a","na",IF('MPH CamSur'!$H$15="Active","✓","x")) -> ✓ | N15: =IF('MPH CamSur'!$H$16="n/a","na",IF('MPH CamSur'!$H$16="Active","✓","x")) -> ✓ | O15: =IF('MPH CamSur'!$H$17="n/a","na",IF('MPH CamSur'!$H$17="Active","✓","x")) -> ✓ | P15: =IF('MPH CamSur'!$H$18="n/a","na",IF('MPH CamSur'!$H$18="Active","✓","x")) -> na | Q15: =IF('MPH CamSur'!$H$19="n/a","na",IF('MPH CamSur'!$H$19="Active","✓","x")) -> na | R15: =IF('MPH CamSur'!$H$20="n/a","na",IF('MPH CamSur'!$H$20="Active","✓","x")) -> na | S15: =IF('MPH CamSur'!$H$21="n/a","na",IF('MPH CamSur'!$H$21="Active","✓","x")) -> ✓ | T15: =IF('MPH CamSur'!$H$22="n/a","na",IF('MPH CamSur'!$H$22="Active","✓","x")) -> ✓ | U15: =IF('MPH CamSur'!$H$23="n/a","na",IF('MPH CamSur'!$H$23="Active","✓","x")) -> ✓ | V15: =IF('MPH CamSur'!$H$24="n/a","na",IF('MPH CamSur'!$H$24="Active","✓","x")) -> na | W15: =IF('MPH CamSur'!$H$25="n/a","na",IF('MPH CamSur'!$H$25="Active","✓","x")) -> ✓ | X15: =IF('MPH CamSur'!$H$26="n/a","na",IF('MPH CamSur'!$H$26="Active","✓","x")) -> ✓ | Y15: =IF('MPH CamSur'!$H$27="n/a","na",IF('MPH CamSur'!$H$27="Active","✓","x")) -> x | Z15: =IF('MPH CamSur'!$H$28="n/a","na",IF('MPH CamSur'!$H$28="Active","✓","x")) -> x | AA15: =IF('MPH CamSur'!$H$29="n/a","na",IF('MPH CamSur'!$H$29="Active","✓","x")) -> ✓ | AB15: =IF('MPH CamSur'!$H$30="n/a","na",IF('MPH CamSur'!$H$30="Active","✓","x")) -> na | AC15: =IF('MPH CamSur'!$H$31="n/a","na",IF('MPH CamSur'!$H$31="Active","✓","x")) -> na | AD15: =IF('MPH CamSur'!$H$32="n/a","na",IF('MPH CamSur'!$H$32="Active","✓","x")) -> na | AE15: =IF('MPH CamSur'!$H$33="n/a","na",IF('MPH CamSur'!$H$33="Active","✓","x")) -> ✓ | AF15: =IF('MPH CamSur'!$H$34="n/a","na",IF('MPH CamSur'!$H$34="Active","✓","x")) -> x | AG15: =IF('MPH CamSur'!$H$35="n/a","na",IF('MPH CamSur'!$H$35="Active","✓","x")) -> na | AH15: =IF('MPH CamSur'!$H$36="n/a","na",IF('MPH CamSur'!$H$36="Active","✓","x")) -> na | AI15: =IF('MPH CamSur'!$H$37="n/a","na",IF('MPH CamSur'!$H$37="Active","✓","x")) -> na | AJ15: =IF('MPH CamSur'!$H$38="n/a","na",IF('MPH CamSur'!$H$38="Active","✓","x")) -> na | AK15: =IF('MPH CamSur'!$H$39="n/a","na",IF('MPH CamSur'!$H$39="Active","✓","x")) -> na | AL15: =IF('MPH CamSur'!$H$40="n/a","na",IF('MPH CamSur'!$H$40="Active","✓","x")) -> na | AM15: =IF('MPH CamSur'!$H$41="n/a","na",IF('MPH CamSur'!$H$41="Active","✓","x")) -> na | AN15: =IF('MPH CamSur'!$H$42="n/a","na",IF('MPH CamSur'!$H$42="Active","✓","x")) -> na | AO15: =IF('MPH CamSur'!$H$43="n/a","na",IF('MPH CamSur'!$H$43="Active","✓","x")) -> na | AP15: =IF('MPH CamSur'!$H$44="n/a","na",IF('MPH CamSur'!$H$44="Active","✓","x")) -> na | AQ15: =IF('MPH CamSur'!$H$45="n/a","na",IF('MPH CamSur'!$H$45="Active","✓","x")) -> na | AR15: =IF('MPH CamSur'!$H$46="n/a","na",IF('MPH CamSur'!$H$46="Active","✓","x")) -> na | AS15: =IF('MPH CamSur'!$H$47="n/a","na",IF('MPH CamSur'!$H$47="Active","✓","x")) -> na | AT15: =IF('MPH CamSur'!$H$48="n/a","na",IF('MPH CamSur'!$H$48="Active","✓","x")) -> na | AU15: =IF('MPH CamSur'!$H$49="n/a","na",IF('MPH CamSur'!$H$49="Active","✓","x")) -> ✓ | AV15: =IF('MPH CamSur'!$H$50="n/a","na",IF('MPH CamSur'!$H$50="Active","✓","x")) -> ✓ | AW15: =IF('MPH CamSur'!$H$51="n/a","na",IF('MPH CamSur'!$H$51="Active","✓","x")) -> x | AX15: =IF('MPH CamSur'!$H$52="n/a","na",IF('MPH CamSur'!$H$52="Active","✓","x")) -> x | AY15: =IF('MPH CamSur'!$H$53="n/a","na",IF('MPH CamSur'!$H$53="Active","✓","x")) -> x | AZ15: =IF('MPH CamSur'!$H$54="n/a","na",IF('MPH CamSur'!$H$54="Active","✓","x")) -> x | BA15: =IF('MPH CamSur'!$H$55="n/a","na",IF('MPH CamSur'!$H$55="Active","✓","x")) -> x | BB15: =IF('MPH CamSur'!$H$56="n/a","na",IF('MPH CamSur'!$H$56="Active","✓","x")) -> x | BC15: =IF('MPH CamSur'!$H$57="n/a","na",IF('MPH CamSur'!$H$57="Active","✓","x")) -> x | BD15: =IF('MPH CamSur'!$H$58="n/a","na",IF('MPH CamSur'!$H$58="Active","✓","x")) -> na | BE15: =IF('MPH CamSur'!$H$59="n/a","na",IF('MPH CamSur'!$H$59="Active","✓","x")) -> na | BF15: =IF('MPH CamSur'!$H$60="n/a","na",IF('MPH CamSur'!$H$60="Active","✓","x")) -> na | BG15: =IF('MPH CamSur'!$H$61="n/a","na",IF('MPH CamSur'!$H$61="Active","✓","x")) -> na | BH15: =IF('MPH CamSur'!$H$62="n/a","na",IF('MPH CamSur'!$H$62="Active","✓","x")) -> na | BI15: =IF('MPH CamSur'!$H$63="n/a","na",IF('MPH CamSur'!$H$63="Active","✓","x")) -> na | BJ15: =IF('MPH CamSur'!$H$64="n/a","na",IF('MPH CamSur'!$H$64="Active","✓","x")) -> na | BK15: =IF('MPH CamSur'!$H$65="n/a","na",IF('MPH CamSur'!$H$65="Active","✓","x")) -> x | BL15: =IF('MPH CamSur'!$H$66="n/a","na",IF('MPH CamSur'!$H$66="Active","✓","x")) -> na | BM15: =IF('MPH CamSur'!$H$67="n/a","na",IF('MPH CamSur'!$H$67="Active","✓","x")) -> na | BN15: =IF('MPH CamSur'!$H$68="n/a","na",IF('MPH CamSur'!$H$68="Active","✓","x")) -> na | BP15: =COUNTIF(D15:BN15,"*")-COUNTIF(D15:BN15,"NA") -> 28 | BQ15: =COUNTIF(D15:BN15,"✓") -> 16 | BR15: =IFERROR(BQ15/BP15,0) -> 0.57142857
B16: Visayas | C16: BMP Cebu | D16: =IF('BMP Cebu'!$H$6="n/a","na",IF('BMP Cebu'!$H$6="Active","✓","x")) -> ✓ | E16: =IF('BMP Cebu'!$H$7="n/a","na",IF('BMP Cebu'!$H$7="Active","✓","x")) -> ✓ | F16: =IF('BMP Cebu'!$H$8="n/a","na",IF('BMP Cebu'!$H$8="Active","✓","x")) -> ✓ | G16: =IF('BMP Cebu'!$H$9="n/a","na",IF('BMP Cebu'!$H$9="Active","✓","x")) -> na | H16: =IF('BMP Cebu'!$H$10="n/a","na",IF('BMP Cebu'!$H$10="Active","✓","x")) -> na | I16: =IF('BMP Cebu'!$H$11="n/a","na",IF('BMP Cebu'!$H$11="Active","✓","x")) -> x | J16: =IF('BMP Cebu'!$H$12="n/a","na",IF('BMP Cebu'!$H$12="Active","✓","x")) -> ✓ | K16: =IF('BMP Cebu'!$H$13="n/a","na",IF('BMP Cebu'!$H$13="Active","✓","x")) -> ✓ | L16: =IF('BMP Cebu'!$H$14="n/a","na",IF('BMP Cebu'!$H$14="Active","✓","x")) -> x | M16: =IF('BMP Cebu'!$H$15="n/a","na",IF('BMP Cebu'!$H$15="Active","✓","x")) -> ✓ | N16: =IF('BMP Cebu'!$H$16="n/a","na",IF('BMP Cebu'!$H$16="Active","✓","x")) -> ✓ | O16: =IF('BMP Cebu'!$H$17="n/a","na",IF('BMP Cebu'!$H$17="Active","✓","x")) -> ✓ | P16: =IF('BMP Cebu'!$H$18="n/a","na",IF('BMP Cebu'!$H$18="Active","✓","x")) -> ✓ | Q16: =IF('BMP Cebu'!$H$19="n/a","na",IF('BMP Cebu'!$H$19="Active","✓","x")) -> x | R16: =IF('BMP Cebu'!$H$20="n/a","na",IF('BMP Cebu'!$H$20="Active","✓","x")) -> x | S16: =IF('BMP Cebu'!$H$21="n/a","na",IF('BMP Cebu'!$H$21="Active","✓","x")) -> ✓ | T16: =IF('BMP Cebu'!$H$22="n/a","na",IF('BMP Cebu'!$H$22="Active","✓","x")) -> x | U16: =IF('BMP Cebu'!$H$23="n/a","na",IF('BMP Cebu'!$H$23="Active","✓","x")) -> ✓ | V16: =IF('BMP Cebu'!$H$24="n/a","na",IF('BMP Cebu'!$H$24="Active","✓","x")) -> na | W16: =IF('BMP Cebu'!$H$25="n/a","na",IF('BMP Cebu'!$H$25="Active","✓","x")) -> ✓ | X16: =IF('BMP Cebu'!$H$26="n/a","na",IF('BMP Cebu'!$H$26="Active","✓","x")) -> ✓ | Y16: =IF('BMP Cebu'!$H$27="n/a","na",IF('BMP Cebu'!$H$27="Active","✓","x")) -> na | Z16: =IF('BMP Cebu'!$H$28="n/a","na",IF('BMP Cebu'!$H$28="Active","✓","x")) -> na | AA16: =IF('BMP Cebu'!$H$29="n/a","na",IF('BMP Cebu'!$H$29="Active","✓","x")) -> ✓ | AB16: =IF('BMP Cebu'!$H$30="n/a","na",IF('BMP Cebu'!$H$30="Active","✓","x")) -> na | AC16: =IF('BMP Cebu'!$H$31="n/a","na",IF('BMP Cebu'!$H$31="Active","✓","x")) -> na | AD16: =IF('BMP Cebu'!$H$32="n/a","na",IF('BMP Cebu'!$H$32="Active","✓","x")) -> na | AE16: =IF('BMP Cebu'!$H$33="n/a","na",IF('BMP Cebu'!$H$33="Active","✓","x")) -> ✓ | AF16: =IF('BMP Cebu'!$H$34="n/a","na",IF('BMP Cebu'!$H$34="Active","✓","x")) -> ✓ | AG16: =IF('BMP Cebu'!$H$35="n/a","na",IF('BMP Cebu'!$H$35="Active","✓","x")) -> na | AH16: =IF('BMP Cebu'!$H$36="n/a","na",IF('BMP Cebu'!$H$36="Active","✓","x")) -> na | AI16: =IF('BMP Cebu'!$H$37="n/a","na",IF('BMP Cebu'!$H$37="Active","✓","x")) -> na | AJ16: =IF('BMP Cebu'!$H$38="n/a","na",IF('BMP Cebu'!$H$38="Active","✓","x")) -> ✓ | AK16: =IF('BMP Cebu'!$H$39="n/a","na",IF('BMP Cebu'!$H$39="Active","✓","x")) -> na | AL16: =IF('BMP Cebu'!$H$40="n/a","na",IF('BMP Cebu'!$H$40="Active","✓","x")) -> na | AM16: =IF('BMP Cebu'!$H$41="n/a","na",IF('BMP Cebu'!$H$41="Active","✓","x")) -> na | AN16: =IF('BMP Cebu'!$H$42="n/a","na",IF('BMP Cebu'!$H$42="Active","✓","x")) -> ✓ | AO16: =IF('BMP Cebu'!$H$43="n/a","na",IF('BMP Cebu'!$H$43="Active","✓","x")) -> na | AP16: =IF('BMP Cebu'!$H$44="n/a","na",IF('BMP Cebu'!$H$44="Active","✓","x")) -> na | AQ16: =IF('BMP Cebu'!$H$45="n/a","na",IF('BMP Cebu'!$H$45="Active","✓","x")) -> na | AR16: =IF('BMP Cebu'!$H$46="n/a","na",IF('BMP Cebu'!$H$46="Active","✓","x")) -> na | AS16: =IF('BMP Cebu'!$H$47="n/a","na",IF('BMP Cebu'!$H$47="Active","✓","x")) -> na | AT16: =IF('BMP Cebu'!$H$48="n/a","na",IF('BMP Cebu'!$H$48="Active","✓","x")) -> x | AU16: =IF('BMP Cebu'!$H$49="n/a","na",IF('BMP Cebu'!$H$49="Active","✓","x")) -> na | AV16: =IF('BMP Cebu'!$H$50="n/a","na",IF('BMP Cebu'!$H$50="Active","✓","x")) -> na | AW16: =IF('BMP Cebu'!$H$51="n/a","na",IF('BMP Cebu'!$H$51="Active","✓","x")) -> na | AX16: =IF('BMP Cebu'!$H$52="n/a","na",IF('BMP Cebu'!$H$52="Active","✓","x")) -> na | AY16: =IF('BMP Cebu'!$H$53="n/a","na",IF('BMP Cebu'!$H$53="Active","✓","x")) -> na | AZ16: =IF('BMP Cebu'!$H$54="n/a","na",IF('BMP Cebu'!$H$54="Active","✓","x")) -> na | BA16: =IF('BMP Cebu'!$H$55="n/a","na",IF('BMP Cebu'!$H$55="Active","✓","x")) -> na | BB16: =IF('BMP Cebu'!$H$56="n/a","na",IF('BMP Cebu'!$H$56="Active","✓","x")) -> na | BC16: =IF('BMP Cebu'!$H$57="n/a","na",IF('BMP Cebu'!$H$57="Active","✓","x")) -> x | BD16: =IF('BMP Cebu'!$H$58="n/a","na",IF('BMP Cebu'!$H$58="Active","✓","x")) -> na | BE16: =IF('BMP Cebu'!$H$59="n/a","na",IF('BMP Cebu'!$H$59="Active","✓","x")) -> na | BF16: =IF('BMP Cebu'!$H$60="n/a","na",IF('BMP Cebu'!$H$60="Active","✓","x")) -> na | BG16: =IF('BMP Cebu'!$H$61="n/a","na",IF('BMP Cebu'!$H$61="Active","✓","x")) -> na | BH16: =IF('BMP Cebu'!$H$62="n/a","na",IF('BMP Cebu'!$H$62="Active","✓","x")) -> na | BI16: =IF('BMP Cebu'!$H$63="n/a","na",IF('BMP Cebu'!$H$63="Active","✓","x")) -> na | BJ16: =IF('BMP Cebu'!$H$64="n/a","na",IF('BMP Cebu'!$H$64="Active","✓","x")) -> ✓ | BK16: =IF('BMP Cebu'!$H$65="n/a","na",IF('BMP Cebu'!$H$65="Active","✓","x")) -> na | BL16: =IF('BMP Cebu'!$H$66="n/a","na",IF('BMP Cebu'!$H$66="Active","✓","x")) -> x | BM16: =IF('BMP Cebu'!$H$67="n/a","na",IF('BMP Cebu'!$H$67="Active","✓","x")) -> na | BN16: =IF('BMP Cebu'!$H$68="n/a","na",IF('BMP Cebu'!$H$68="Active","✓","x")) -> ✓ | BP16: =COUNTIF(D16:BN16,"*")-COUNTIF(D16:BN16,"NA") -> 28 | BQ16: =COUNTIF(D16:BN16,"✓") -> 20 | BR16: =IFERROR(BQ16/BP16,0) -> 0.71428571
B17: Visayas | C17: BMP Iloilo 1 | D17: =IF('BMP Iloilo 1'!$H$6="n/a","na",IF('BMP Iloilo 1'!$H$6="Active","✓","x")) -> ✓ | E17: =IF('BMP Iloilo 1'!$H$7="n/a","na",IF('BMP Iloilo 1'!$H$7="Active","✓","x")) -> ✓ | F17: =IF('BMP Iloilo 1'!$H$8="n/a","na",IF('BMP Iloilo 1'!$H$8="Active","✓","x")) -> x | G17: =IF('BMP Iloilo 1'!$H$9="n/a","na",IF('BMP Iloilo 1'!$H$9="Active","✓","x")) -> na | H17: =IF('BMP Iloilo 1'!$H$10="n/a","na",IF('BMP Iloilo 1'!$H$10="Active","✓","x")) -> na | I17: =IF('BMP Iloilo 1'!$H$11="n/a","na",IF('BMP Iloilo 1'!$H$11="Active","✓","x")) -> x | J17: =IF('BMP Iloilo 1'!$H$12="n/a","na",IF('BMP Iloilo 1'!$H$12="Active","✓","x")) -> ✓ | K17: =IF('BMP Iloilo 1'!$H$13="n/a","na",IF('BMP Iloilo 1'!$H$13="Active","✓","x")) -> na | L17: =IF('BMP Iloilo 1'!$H$14="n/a","na",IF('BMP Iloilo 1'!$H$14="Active","✓","x")) -> ✓ | M17: =IF('BMP Iloilo 1'!$H$15="n/a","na",IF('BMP Iloilo 1'!$H$15="Active","✓","x")) -> ✓ | N17: =IF('BMP Iloilo 1'!$H$16="n/a","na",IF('BMP Iloilo 1'!$H$16="Active","✓","x")) -> ✓ | O17: =IF('BMP Iloilo 1'!$H$17="n/a","na",IF('BMP Iloilo 1'!$H$17="Active","✓","x")) -> ✓ | P17: =IF('BMP Iloilo 1'!$H$18="n/a","na",IF('BMP Iloilo 1'!$H$18="Active","✓","x")) -> na | Q17: =IF('BMP Iloilo 1'!$H$19="n/a","na",IF('BMP Iloilo 1'!$H$19="Active","✓","x")) -> ✓ | R17: =IF('BMP Iloilo 1'!$H$20="n/a","na",IF('BMP Iloilo 1'!$H$20="Active","✓","x")) -> ✓ | S17: =IF('BMP Iloilo 1'!$H$21="n/a","na",IF('BMP Iloilo 1'!$H$21="Active","✓","x")) -> ✓ | T17: =IF('BMP Iloilo 1'!$H$22="n/a","na",IF('BMP Iloilo 1'!$H$22="Active","✓","x")) -> ✓ | U17: =IF('BMP Iloilo 1'!$H$23="n/a","na",IF('BMP Iloilo 1'!$H$23="Active","✓","x")) -> ✓ | V17: =IF('BMP Iloilo 1'!$H$24="n/a","na",IF('BMP Iloilo 1'!$H$24="Active","✓","x")) -> na | W17: =IF('BMP Iloilo 1'!$H$25="n/a","na",IF('BMP Iloilo 1'!$H$25="Active","✓","x")) -> ✓ | X17: =IF('BMP Iloilo 1'!$H$26="n/a","na",IF('BMP Iloilo 1'!$H$26="Active","✓","x")) -> ✓ | Y17: =IF('BMP Iloilo 1'!$H$27="n/a","na",IF('BMP Iloilo 1'!$H$27="Active","✓","x")) -> na | Z17: =IF('BMP Iloilo 1'!$H$28="n/a","na",IF('BMP Iloilo 1'!$H$28="Active","✓","x")) -> na | AA17: =IF('BMP Iloilo 1'!$H$29="n/a","na",IF('BMP Iloilo 1'!$H$29="Active","✓","x")) -> x | AB17: =IF('BMP Iloilo 1'!$H$30="n/a","na",IF('BMP Iloilo 1'!$H$30="Active","✓","x")) -> na | AC17: =IF('BMP Iloilo 1'!$H$31="n/a","na",IF('BMP Iloilo 1'!$H$31="Active","✓","x")) -> na | AD17: =IF('BMP Iloilo 1'!$H$32="n/a","na",IF('BMP Iloilo 1'!$H$32="Active","✓","x")) -> na | AE17: =IF('BMP Iloilo 1'!$H$33="n/a","na",IF('BMP Iloilo 1'!$H$33="Active","✓","x")) -> ✓ | AF17: =IF('BMP Iloilo 1'!$H$34="n/a","na",IF('BMP Iloilo 1'!$H$34="Active","✓","x")) -> ✓ | AG17: =IF('BMP Iloilo 1'!$H$35="n/a","na",IF('BMP Iloilo 1'!$H$35="Active","✓","x")) -> x | AH17: =IF('BMP Iloilo 1'!$H$36="n/a","na",IF('BMP Iloilo 1'!$H$36="Active","✓","x")) -> na | AI17: =IF('BMP Iloilo 1'!$H$37="n/a","na",IF('BMP Iloilo 1'!$H$37="Active","✓","x")) -> x | AJ17: =IF('BMP Iloilo 1'!$H$38="n/a","na",IF('BMP Iloilo 1'!$H$38="Active","✓","x")) -> x | AK17: =IF('BMP Iloilo 1'!$H$39="n/a","na",IF('BMP Iloilo 1'!$H$39="Active","✓","x")) -> na | AL17: =IF('BMP Iloilo 1'!$H$40="n/a","na",IF('BMP Iloilo 1'!$H$40="Active","✓","x")) -> na | AM17: =IF('BMP Iloilo 1'!$H$41="n/a","na",IF('BMP Iloilo 1'!$H$41="Active","✓","x")) -> na | AN17: =IF('BMP Iloilo 1'!$H$42="n/a","na",IF('BMP Iloilo 1'!$H$42="Active","✓","x")) -> ✓ | AO17: =IF('BMP Iloilo 1'!$H$43="n/a","na",IF('BMP Iloilo 1'!$H$43="Active","✓","x")) -> na | AP17: =IF('BMP Iloilo 1'!$H$44="n/a","na",IF('BMP Iloilo 1'!$H$44="Active","✓","x")) -> na | AQ17: =IF('BMP Iloilo 1'!$H$45="n/a","na",IF('BMP Iloilo 1'!$H$45="Active","✓","x")) -> na | AR17: =IF('BMP Iloilo 1'!$H$46="n/a","na",IF('BMP Iloilo 1'!$H$46="Active","✓","x")) -> x | AS17: =IF('BMP Iloilo 1'!$H$47="n/a","na",IF('BMP Iloilo 1'!$H$47="Active","✓","x")) -> na | AT17: =IF('BMP Iloilo 1'!$H$48="n/a","na",IF('BMP Iloilo 1'!$H$48="Active","✓","x")) -> na | AU17: =IF('BMP Iloilo 1'!$H$49="n/a","na",IF('BMP Iloilo 1'!$H$49="Active","✓","x")) -> na | AV17: =IF('BMP Iloilo 1'!$H$50="n/a","na",IF('BMP Iloilo 1'!$H$50="Active","✓","x")) -> na | AW17: =IF('BMP Iloilo 1'!$H$51="n/a","na",IF('BMP Iloilo 1'!$H$51="Active","✓","x")) -> na | AX17: =IF('BMP Iloilo 1'!$H$52="n/a","na",IF('BMP Iloilo 1'!$H$52="Active","✓","x")) -> na | AY17: =IF('BMP Iloilo 1'!$H$53="n/a","na",IF('BMP Iloilo 1'!$H$53="Active","✓","x")) -> na | AZ17: =IF('BMP Iloilo 1'!$H$54="n/a","na",IF('BMP Iloilo 1'!$H$54="Active","✓","x")) -> na | BA17: =IF('BMP Iloilo 1'!$H$55="n/a","na",IF('BMP Iloilo 1'!$H$55="Active","✓","x")) -> na | BB17: =IF('BMP Iloilo 1'!$H$56="n/a","na",IF('BMP Iloilo 1'!$H$56="Active","✓","x")) -> na | BC17: =IF('BMP Iloilo 1'!$H$57="n/a","na",IF('BMP Iloilo 1'!$H$57="Active","✓","x")) -> x | BD17: =IF('BMP Iloilo 1'!$H$58="n/a","na",IF('BMP Iloilo 1'!$H$58="Active","✓","x")) -> na | BE17: =IF('BMP Iloilo 1'!$H$59="n/a","na",IF('BMP Iloilo 1'!$H$59="Active","✓","x")) -> na | BF17: =IF('BMP Iloilo 1'!$H$60="n/a","na",IF('BMP Iloilo 1'!$H$60="Active","✓","x")) -> na | BG17: =IF('BMP Iloilo 1'!$H$61="n/a","na",IF('BMP Iloilo 1'!$H$61="Active","✓","x")) -> na | BH17: =IF('BMP Iloilo 1'!$H$62="n/a","na",IF('BMP Iloilo 1'!$H$62="Active","✓","x")) -> na | BI17: =IF('BMP Iloilo 1'!$H$63="n/a","na",IF('BMP Iloilo 1'!$H$63="Active","✓","x")) -> na | BJ17: =IF('BMP Iloilo 1'!$H$64="n/a","na",IF('BMP Iloilo 1'!$H$64="Active","✓","x")) -> na | BK17: =IF('BMP Iloilo 1'!$H$65="n/a","na",IF('BMP Iloilo 1'!$H$65="Active","✓","x")) -> x | BL17: =IF('BMP Iloilo 1'!$H$66="n/a","na",IF('BMP Iloilo 1'!$H$66="Active","✓","x")) -> x | BM17: =IF('BMP Iloilo 1'!$H$67="n/a","na",IF('BMP Iloilo 1'!$H$67="Active","✓","x")) -> x | BN17: =IF('BMP Iloilo 1'!$H$68="n/a","na",IF('BMP Iloilo 1'!$H$68="Active","✓","x")) -> ✓ | BP17: =COUNTIF(D17:BN17,"*")-COUNTIF(D17:BN17,"NA") -> 29 | BQ17: =COUNTIF(D17:BN17,"✓") -> 18 | BR17: =IFERROR(BQ17/BP17,0) -> 0.62068966
B18: Visayas | C18: BMP Iloilo 2 | D18: =IF('BMP Iloilo 2'!$H$6="n/a","na",IF('BMP Iloilo 2'!$H$6="Active","✓","x")) -> ✓ | E18: =IF('BMP Iloilo 2'!$H$7="n/a","na",IF('BMP Iloilo 2'!$H$7="Active","✓","x")) -> ✓ | F18: =IF('BMP Iloilo 2'!$H$8="n/a","na",IF('BMP Iloilo 2'!$H$8="Active","✓","x")) -> x | G18: =IF('BMP Iloilo 2'!$H$9="n/a","na",IF('BMP Iloilo 2'!$H$9="Active","✓","x")) -> na | H18: =IF('BMP Iloilo 2'!$H$10="n/a","na",IF('BMP Iloilo 2'!$H$10="Active","✓","x")) -> na | I18: =IF('BMP Iloilo 2'!$H$11="n/a","na",IF('BMP Iloilo 2'!$H$11="Active","✓","x")) -> na | J18: =IF('BMP Iloilo 2'!$H$12="n/a","na",IF('BMP Iloilo 2'!$H$12="Active","✓","x")) -> ✓ | K18: =IF('BMP Iloilo 2'!$H$13="n/a","na",IF('BMP Iloilo 2'!$H$13="Active","✓","x")) -> x | L18: =IF('BMP Iloilo 2'!$H$14="n/a","na",IF('BMP Iloilo 2'!$H$14="Active","✓","x")) -> x | M18: =IF('BMP Iloilo 2'!$H$15="n/a","na",IF('BMP Iloilo 2'!$H$15="Active","✓","x")) -> x | N18: =IF('BMP Iloilo 2'!$H$16="n/a","na",IF('BMP Iloilo 2'!$H$16="Active","✓","x")) -> x | O18: =IF('BMP Iloilo 2'!$H$17="n/a","na",IF('BMP Iloilo 2'!$H$17="Active","✓","x")) -> na | P18: =IF('BMP Iloilo 2'!$H$18="n/a","na",IF('BMP Iloilo 2'!$H$18="Active","✓","x")) -> x | Q18: =IF('BMP Iloilo 2'!$H$19="n/a","na",IF('BMP Iloilo 2'!$H$19="Active","✓","x")) -> x | R18: =IF('BMP Iloilo 2'!$H$20="n/a","na",IF('BMP Iloilo 2'!$H$20="Active","✓","x")) -> x | S18: =IF('BMP Iloilo 2'!$H$21="n/a","na",IF('BMP Iloilo 2'!$H$21="Active","✓","x")) -> ✓ | T18: =IF('BMP Iloilo 2'!$H$22="n/a","na",IF('BMP Iloilo 2'!$H$22="Active","✓","x")) -> ✓ | U18: =IF('BMP Iloilo 2'!$H$23="n/a","na",IF('BMP Iloilo 2'!$H$23="Active","✓","x")) -> ✓ | V18: =IF('BMP Iloilo 2'!$H$24="n/a","na",IF('BMP Iloilo 2'!$H$24="Active","✓","x")) -> na | W18: =IF('BMP Iloilo 2'!$H$25="n/a","na",IF('BMP Iloilo 2'!$H$25="Active","✓","x")) -> ✓ | X18: =IF('BMP Iloilo 2'!$H$26="n/a","na",IF('BMP Iloilo 2'!$H$26="Active","✓","x")) -> x | Y18: =IF('BMP Iloilo 2'!$H$27="n/a","na",IF('BMP Iloilo 2'!$H$27="Active","✓","x")) -> na | Z18: =IF('BMP Iloilo 2'!$H$28="n/a","na",IF('BMP Iloilo 2'!$H$28="Active","✓","x")) -> na | AA18: =IF('BMP Iloilo 2'!$H$29="n/a","na",IF('BMP Iloilo 2'!$H$29="Active","✓","x")) -> ✓ | AB18: =IF('BMP Iloilo 2'!$H$30="n/a","na",IF('BMP Iloilo 2'!$H$30="Active","✓","x")) -> na | AC18: =IF('BMP Iloilo 2'!$H$31="n/a","na",IF('BMP Iloilo 2'!$H$31="Active","✓","x")) -> na | AD18: =IF('BMP Iloilo 2'!$H$32="n/a","na",IF('BMP Iloilo 2'!$H$32="Active","✓","x")) -> na | AE18: =IF('BMP Iloilo 2'!$H$33="n/a","na",IF('BMP Iloilo 2'!$H$33="Active","✓","x")) -> ✓ | AF18: =IF('BMP Iloilo 2'!$H$34="n/a","na",IF('BMP Iloilo 2'!$H$34="Active","✓","x")) -> ✓ | AG18: =IF('BMP Iloilo 2'!$H$35="n/a","na",IF('BMP Iloilo 2'!$H$35="Active","✓","x")) -> x | AH18: =IF('BMP Iloilo 2'!$H$36="n/a","na",IF('BMP Iloilo 2'!$H$36="Active","✓","x")) -> na | AI18: =IF('BMP Iloilo 2'!$H$37="n/a","na",IF('BMP Iloilo 2'!$H$37="Active","✓","x")) -> na | AJ18: =IF('BMP Iloilo 2'!$H$38="n/a","na",IF('BMP Iloilo 2'!$H$38="Active","✓","x")) -> x | AK18: =IF('BMP Iloilo 2'!$H$39="n/a","na",IF('BMP Iloilo 2'!$H$39="Active","✓","x")) -> na | AL18: =IF('BMP Iloilo 2'!$H$40="n/a","na",IF('BMP Iloilo 2'!$H$40="Active","✓","x")) -> na | AM18: =IF('BMP Iloilo 2'!$H$41="n/a","na",IF('BMP Iloilo 2'!$H$41="Active","✓","x")) -> na | AN18: =IF('BMP Iloilo 2'!$H$42="n/a","na",IF('BMP Iloilo 2'!$H$42="Active","✓","x")) -> ✓ | AO18: =IF('BMP Iloilo 2'!$H$43="n/a","na",IF('BMP Iloilo 2'!$H$43="Active","✓","x")) -> na | AP18: =IF('BMP Iloilo 2'!$H$44="n/a","na",IF('BMP Iloilo 2'!$H$44="Active","✓","x")) -> na | AQ18: =IF('BMP Iloilo 2'!$H$45="n/a","na",IF('BMP Iloilo 2'!$H$45="Active","✓","x")) -> na | AR18: =IF('BMP Iloilo 2'!$H$46="n/a","na",IF('BMP Iloilo 2'!$H$46="Active","✓","x")) -> na | AS18: =IF('BMP Iloilo 2'!$H$47="n/a","na",IF('BMP Iloilo 2'!$H$47="Active","✓","x")) -> na | AT18: =IF('BMP Iloilo 2'!$H$48="n/a","na",IF('BMP Iloilo 2'!$H$48="Active","✓","x")) -> x | AU18: =IF('BMP Iloilo 2'!$H$49="n/a","na",IF('BMP Iloilo 2'!$H$49="Active","✓","x")) -> na | AV18: =IF('BMP Iloilo 2'!$H$50="n/a","na",IF('BMP Iloilo 2'!$H$50="Active","✓","x")) -> na | AW18: =IF('BMP Iloilo 2'!$H$51="n/a","na",IF('BMP Iloilo 2'!$H$51="Active","✓","x")) -> ✓ | AX18: =IF('BMP Iloilo 2'!$H$52="n/a","na",IF('BMP Iloilo 2'!$H$52="Active","✓","x")) -> ✓ | AY18: =IF('BMP Iloilo 2'!$H$53="n/a","na",IF('BMP Iloilo 2'!$H$53="Active","✓","x")) -> ✓ | AZ18: =IF('BMP Iloilo 2'!$H$54="n/a","na",IF('BMP Iloilo 2'!$H$54="Active","✓","x")) -> na | BA18: =IF('BMP Iloilo 2'!$H$55="n/a","na",IF('BMP Iloilo 2'!$H$55="Active","✓","x")) -> na | BB18: =IF('BMP Iloilo 2'!$H$56="n/a","na",IF('BMP Iloilo 2'!$H$56="Active","✓","x")) -> na | BC18: =IF('BMP Iloilo 2'!$H$57="n/a","na",IF('BMP Iloilo 2'!$H$57="Active","✓","x")) -> x | BD18: =IF('BMP Iloilo 2'!$H$58="n/a","na",IF('BMP Iloilo 2'!$H$58="Active","✓","x")) -> na | BE18: =IF('BMP Iloilo 2'!$H$59="n/a","na",IF('BMP Iloilo 2'!$H$59="Active","✓","x")) -> na | BF18: =IF('BMP Iloilo 2'!$H$60="n/a","na",IF('BMP Iloilo 2'!$H$60="Active","✓","x")) -> na | BG18: =IF('BMP Iloilo 2'!$H$61="n/a","na",IF('BMP Iloilo 2'!$H$61="Active","✓","x")) -> na | BH18: =IF('BMP Iloilo 2'!$H$62="n/a","na",IF('BMP Iloilo 2'!$H$62="Active","✓","x")) -> na | BI18: =IF('BMP Iloilo 2'!$H$63="n/a","na",IF('BMP Iloilo 2'!$H$63="Active","✓","x")) -> na | BJ18: =IF('BMP Iloilo 2'!$H$64="n/a","na",IF('BMP Iloilo 2'!$H$64="Active","✓","x")) -> na | BK18: =IF('BMP Iloilo 2'!$H$65="n/a","na",IF('BMP Iloilo 2'!$H$65="Active","✓","x")) -> x | BL18: =IF('BMP Iloilo 2'!$H$66="n/a","na",IF('BMP Iloilo 2'!$H$66="Active","✓","x")) -> ✓ | BM18: =IF('BMP Iloilo 2'!$H$67="n/a","na",IF('BMP Iloilo 2'!$H$67="Active","✓","x")) -> na | BN18: =IF('BMP Iloilo 2'!$H$68="n/a","na",IF('BMP Iloilo 2'!$H$68="Active","✓","x")) -> x | BP18: =COUNTIF(D18:BN18,"*")-COUNTIF(D18:BN18,"NA") -> 30 | BQ18: =COUNTIF(D18:BN18,"✓") -> 15 | BR18: =IFERROR(BQ18/BP18,0) -> 0.5
B19: Visayas | C19: BMP Leyte | D19: =IF('BMP Leyte'!$H$6="n/a","na",IF('BMP Leyte'!$H$6="Active","✓","x")) -> ✓ | E19: =IF('BMP Leyte'!$H$7="n/a","na",IF('BMP Leyte'!$H$7="Active","✓","x")) -> ✓ | F19: =IF('BMP Leyte'!$H$8="n/a","na",IF('BMP Leyte'!$H$8="Active","✓","x")) -> na | G19: =IF('BMP Leyte'!$H$9="n/a","na",IF('BMP Leyte'!$H$9="Active","✓","x")) -> na | H19: =IF('BMP Leyte'!$H$10="n/a","na",IF('BMP Leyte'!$H$10="Active","✓","x")) -> na | I19: =IF('BMP Leyte'!$H$11="n/a","na",IF('BMP Leyte'!$H$11="Active","✓","x")) -> na | J19: =IF('BMP Leyte'!$H$12="n/a","na",IF('BMP Leyte'!$H$12="Active","✓","x")) -> ✓ | K19: =IF('BMP Leyte'!$H$13="n/a","na",IF('BMP Leyte'!$H$13="Active","✓","x")) -> na | L19: =IF('BMP Leyte'!$H$14="n/a","na",IF('BMP Leyte'!$H$14="Active","✓","x")) -> x | M19: =IF('BMP Leyte'!$H$15="n/a","na",IF('BMP Leyte'!$H$15="Active","✓","x")) -> x | N19: =IF('BMP Leyte'!$H$16="n/a","na",IF('BMP Leyte'!$H$16="Active","✓","x")) -> x | O19: =IF('BMP Leyte'!$H$17="n/a","na",IF('BMP Leyte'!$H$17="Active","✓","x")) -> x | P19: =IF('BMP Leyte'!$H$18="n/a","na",IF('BMP Leyte'!$H$18="Active","✓","x")) -> na | Q19: =IF('BMP Leyte'!$H$19="n/a","na",IF('BMP Leyte'!$H$19="Active","✓","x")) -> x | R19: =IF('BMP Leyte'!$H$20="n/a","na",IF('BMP Leyte'!$H$20="Active","✓","x")) -> na | S19: =IF('BMP Leyte'!$H$21="n/a","na",IF('BMP Leyte'!$H$21="Active","✓","x")) -> x | T19: =IF('BMP Leyte'!$H$22="n/a","na",IF('BMP Leyte'!$H$22="Active","✓","x")) -> x | U19: =IF('BMP Leyte'!$H$23="n/a","na",IF('BMP Leyte'!$H$23="Active","✓","x")) -> ✓ | V19: =IF('BMP Leyte'!$H$24="n/a","na",IF('BMP Leyte'!$H$24="Active","✓","x")) -> na | W19: =IF('BMP Leyte'!$H$25="n/a","na",IF('BMP Leyte'!$H$25="Active","✓","x")) -> ✓ | X19: =IF('BMP Leyte'!$H$26="n/a","na",IF('BMP Leyte'!$H$26="Active","✓","x")) -> ✓ | Y19: =IF('BMP Leyte'!$H$27="n/a","na",IF('BMP Leyte'!$H$27="Active","✓","x")) -> na | Z19: =IF('BMP Leyte'!$H$28="n/a","na",IF('BMP Leyte'!$H$28="Active","✓","x")) -> na | AA19: =IF('BMP Leyte'!$H$29="n/a","na",IF('BMP Leyte'!$H$29="Active","✓","x")) -> ✓ | AB19: =IF('BMP Leyte'!$H$30="n/a","na",IF('BMP Leyte'!$H$30="Active","✓","x")) -> na | AC19: =IF('BMP Leyte'!$H$31="n/a","na",IF('BMP Leyte'!$H$31="Active","✓","x")) -> na | AD19: =IF('BMP Leyte'!$H$32="n/a","na",IF('BMP Leyte'!$H$32="Active","✓","x")) -> na | AE19: =IF('BMP Leyte'!$H$33="n/a","na",IF('BMP Leyte'!$H$33="Active","✓","x")) -> x | AF19: =IF('BMP Leyte'!$H$34="n/a","na",IF('BMP Leyte'!$H$34="Active","✓","x")) -> x | AG19: =IF('BMP Leyte'!$H$35="n/a","na",IF('BMP Leyte'!$H$35="Active","✓","x")) -> na | AH19: =IF('BMP Leyte'!$H$36="n/a","na",IF('BMP Leyte'!$H$36="Active","✓","x")) -> x | AI19: =IF('BMP Leyte'!$H$37="n/a","na",IF('BMP Leyte'!$H$37="Active","✓","x")) -> na | AJ19: =IF('BMP Leyte'!$H$38="n/a","na",IF('BMP Leyte'!$H$38="Active","✓","x")) -> x | AK19: =IF('BMP Leyte'!$H$39="n/a","na",IF('BMP Leyte'!$H$39="Active","✓","x")) -> na | AL19: =IF('BMP Leyte'!$H$40="n/a","na",IF('BMP Leyte'!$H$40="Active","✓","x")) -> na | AM19: =IF('BMP Leyte'!$H$41="n/a","na",IF('BMP Leyte'!$H$41="Active","✓","x")) -> na | AN19: =IF('BMP Leyte'!$H$42="n/a","na",IF('BMP Leyte'!$H$42="Active","✓","x")) -> ✓ | AO19: =IF('BMP Leyte'!$H$43="n/a","na",IF('BMP Leyte'!$H$43="Active","✓","x")) -> na | AP19: =IF('BMP Leyte'!$H$44="n/a","na",IF('BMP Leyte'!$H$44="Active","✓","x")) -> na | AQ19: =IF('BMP Leyte'!$H$45="n/a","na",IF('BMP Leyte'!$H$45="Active","✓","x")) -> na | AR19: =IF('BMP Leyte'!$H$46="n/a","na",IF('BMP Leyte'!$H$46="Active","✓","x")) -> na | AS19: =IF('BMP Leyte'!$H$47="n/a","na",IF('BMP Leyte'!$H$47="Active","✓","x")) -> na | AT19: =IF('BMP Leyte'!$H$48="n/a","na",IF('BMP Leyte'!$H$48="Active","✓","x")) -> x | AU19: =IF('BMP Leyte'!$H$49="n/a","na",IF('BMP Leyte'!$H$49="Active","✓","x")) -> na | AV19: =IF('BMP Leyte'!$H$50="n/a","na",IF('BMP Leyte'!$H$50="Active","✓","x")) -> na | AW19: =IF('BMP Leyte'!$H$51="n/a","na",IF('BMP Leyte'!$H$51="Active","✓","x")) -> na | AX19: =IF('BMP Leyte'!$H$52="n/a","na",IF('BMP Leyte'!$H$52="Active","✓","x")) -> na | AY19: =IF('BMP Leyte'!$H$53="n/a","na",IF('BMP Leyte'!$H$53="Active","✓","x")) -> na | AZ19: =IF('BMP Leyte'!$H$54="n/a","na",IF('BMP Leyte'!$H$54="Active","✓","x")) -> na | BA19: =IF('BMP Leyte'!$H$55="n/a","na",IF('BMP Leyte'!$H$55="Active","✓","x")) -> na | BB19: =IF('BMP Leyte'!$H$56="n/a","na",IF('BMP Leyte'!$H$56="Active","✓","x")) -> na | BC19: =IF('BMP Leyte'!$H$57="n/a","na",IF('BMP Leyte'!$H$57="Active","✓","x")) -> x | BD19: =IF('BMP Leyte'!$H$58="n/a","na",IF('BMP Leyte'!$H$58="Active","✓","x")) -> na | BE19: =IF('BMP Leyte'!$H$59="n/a","na",IF('BMP Leyte'!$H$59="Active","✓","x")) -> na | BF19: =IF('BMP Leyte'!$H$60="n/a","na",IF('BMP Leyte'!$H$60="Active","✓","x")) -> na | BG19: =IF('BMP Leyte'!$H$61="n/a","na",IF('BMP Leyte'!$H$61="Active","✓","x")) -> na | BH19: =IF('BMP Leyte'!$H$62="n/a","na",IF('BMP Leyte'!$H$62="Active","✓","x")) -> na | BI19: =IF('BMP Leyte'!$H$63="n/a","na",IF('BMP Leyte'!$H$63="Active","✓","x")) -> na | BJ19: =IF('BMP Leyte'!$H$64="n/a","na",IF('BMP Leyte'!$H$64="Active","✓","x")) -> na | BK19: =IF('BMP Leyte'!$H$65="n/a","na",IF('BMP Leyte'!$H$65="Active","✓","x")) -> x | BL19: =IF('BMP Leyte'!$H$66="n/a","na",IF('BMP Leyte'!$H$66="Active","✓","x")) -> x | BM19: =IF('BMP Leyte'!$H$67="n/a","na",IF('BMP Leyte'!$H$67="Active","✓","x")) -> na | BN19: =IF('BMP Leyte'!$H$68="n/a","na",IF('BMP Leyte'!$H$68="Active","✓","x")) -> x | BP19: =COUNTIF(D19:BN19,"*")-COUNTIF(D19:BN19,"NA") -> 24 | BQ19: =COUNTIF(D19:BN19,"✓") -> 8 | BR19: =IFERROR(BQ19/BP19,0) -> 0.33333333
B20: Visayas | C20: MPPP Cebu | D20: =IF('MPPP Cebu'!$H$6="n/a","na",IF('MPPP Cebu'!$H$6="Active","✓","x")) -> ✓ | E20: =IF('MPPP Cebu'!$H$7="n/a","na",IF('MPPP Cebu'!$H$7="Active","✓","x")) -> ✓ | F20: =IF('MPPP Cebu'!$H$8="n/a","na",IF('MPPP Cebu'!$H$8="Active","✓","x")) -> ✓ | G20: =IF('MPPP Cebu'!$H$9="n/a","na",IF('MPPP Cebu'!$H$9="Active","✓","x")) -> na | H20: =IF('MPPP Cebu'!$H$10="n/a","na",IF('MPPP Cebu'!$H$10="Active","✓","x")) -> na | I20: =IF('MPPP Cebu'!$H$11="n/a","na",IF('MPPP Cebu'!$H$11="Active","✓","x")) -> ✓ | J20: =IF('MPPP Cebu'!$H$12="n/a","na",IF('MPPP Cebu'!$H$12="Active","✓","x")) -> ✓ | K20: =IF('MPPP Cebu'!$H$13="n/a","na",IF('MPPP Cebu'!$H$13="Active","✓","x")) -> ✓ | L20: =IF('MPPP Cebu'!$H$14="n/a","na",IF('MPPP Cebu'!$H$14="Active","✓","x")) -> ✓ | M20: =IF('MPPP Cebu'!$H$15="n/a","na",IF('MPPP Cebu'!$H$15="Active","✓","x")) -> ✓ | N20: =IF('MPPP Cebu'!$H$16="n/a","na",IF('MPPP Cebu'!$H$16="Active","✓","x")) -> ✓ | O20: =IF('MPPP Cebu'!$H$17="n/a","na",IF('MPPP Cebu'!$H$17="Active","✓","x")) -> na | P20: =IF('MPPP Cebu'!$H$18="n/a","na",IF('MPPP Cebu'!$H$18="Active","✓","x")) -> na | Q20: =IF('MPPP Cebu'!$H$19="n/a","na",IF('MPPP Cebu'!$H$19="Active","✓","x")) -> na | R20: =IF('MPPP Cebu'!$H$20="n/a","na",IF('MPPP Cebu'!$H$20="Active","✓","x")) -> ✓ | S20: =IF('MPPP Cebu'!$H$21="n/a","na",IF('MPPP Cebu'!$H$21="Active","✓","x")) -> ✓ | T20: =IF('MPPP Cebu'!$H$22="n/a","na",IF('MPPP Cebu'!$H$22="Active","✓","x")) -> ✓ | U20: =IF('MPPP Cebu'!$H$23="n/a","na",IF('MPPP Cebu'!$H$23="Active","✓","x")) -> ✓ | V20: =IF('MPPP Cebu'!$H$24="n/a","na",IF('MPPP Cebu'!$H$24="Active","✓","x")) -> na | W20: =IF('MPPP Cebu'!$H$25="n/a","na",IF('MPPP Cebu'!$H$25="Active","✓","x")) -> ✓ | X20: =IF('MPPP Cebu'!$H$26="n/a","na",IF('MPPP Cebu'!$H$26="Active","✓","x")) -> ✓ | Y20: =IF('MPPP Cebu'!$H$27="n/a","na",IF('MPPP Cebu'!$H$27="Active","✓","x")) -> ✓ | Z20: =IF('MPPP Cebu'!$H$28="n/a","na",IF('MPPP Cebu'!$H$28="Active","✓","x")) -> na | AA20: =IF('MPPP Cebu'!$H$29="n/a","na",IF('MPPP Cebu'!$H$29="Active","✓","x")) -> ✓ | AB20: =IF('MPPP Cebu'!$H$30="n/a","na",IF('MPPP Cebu'!$H$30="Active","✓","x")) -> na | AC20: =IF('MPPP Cebu'!$H$31="n/a","na",IF('MPPP Cebu'!$H$31="Active","✓","x")) -> na | AD20: =IF('MPPP Cebu'!$H$32="n/a","na",IF('MPPP Cebu'!$H$32="Active","✓","x")) -> na | AE20: =IF('MPPP Cebu'!$H$33="n/a","na",IF('MPPP Cebu'!$H$33="Active","✓","x")) -> ✓ | AF20: =IF('MPPP Cebu'!$H$34="n/a","na",IF('MPPP Cebu'!$H$34="Active","✓","x")) -> ✓ | AG20: =IF('MPPP Cebu'!$H$35="n/a","na",IF('MPPP Cebu'!$H$35="Active","✓","x")) -> na | AH20: =IF('MPPP Cebu'!$H$36="n/a","na",IF('MPPP Cebu'!$H$36="Active","✓","x")) -> na | AI20: =IF('MPPP Cebu'!$H$37="n/a","na",IF('MPPP Cebu'!$H$37="Active","✓","x")) -> na | AJ20: =IF('MPPP Cebu'!$H$38="n/a","na",IF('MPPP Cebu'!$H$38="Active","✓","x")) -> na | AK20: =IF('MPPP Cebu'!$H$39="n/a","na",IF('MPPP Cebu'!$H$39="Active","✓","x")) -> na | AL20: =IF('MPPP Cebu'!$H$40="n/a","na",IF('MPPP Cebu'!$H$40="Active","✓","x")) -> na | AM20: =IF('MPPP Cebu'!$H$41="n/a","na",IF('MPPP Cebu'!$H$41="Active","✓","x")) -> na | AN20: =IF('MPPP Cebu'!$H$42="n/a","na",IF('MPPP Cebu'!$H$42="Active","✓","x")) -> na | AO20: =IF('MPPP Cebu'!$H$43="n/a","na",IF('MPPP Cebu'!$H$43="Active","✓","x")) -> na | AP20: =IF('MPPP Cebu'!$H$44="n/a","na",IF('MPPP Cebu'!$H$44="Active","✓","x")) -> na | AQ20: =IF('MPPP Cebu'!$H$45="n/a","na",IF('MPPP Cebu'!$H$45="Active","✓","x")) -> na | AR20: =IF('MPPP Cebu'!$H$46="n/a","na",IF('MPPP Cebu'!$H$46="Active","✓","x")) -> na | AS20: =IF('MPPP Cebu'!$H$47="n/a","na",IF('MPPP Cebu'!$H$47="Active","✓","x")) -> na | AT20: =IF('MPPP Cebu'!$H$48="n/a","na",IF('MPPP Cebu'!$H$48="Active","✓","x")) -> na | AU20: =IF('MPPP Cebu'!$H$49="n/a","na",IF('MPPP Cebu'!$H$49="Active","✓","x")) -> na | AV20: =IF('MPPP Cebu'!$H$50="n/a","na",IF('MPPP Cebu'!$H$50="Active","✓","x")) -> na | AW20: =IF('MPPP Cebu'!$H$51="n/a","na",IF('MPPP Cebu'!$H$51="Active","✓","x")) -> ✓ | AX20: =IF('MPPP Cebu'!$H$52="n/a","na",IF('MPPP Cebu'!$H$52="Active","✓","x")) -> na | AY20: =IF('MPPP Cebu'!$H$53="n/a","na",IF('MPPP Cebu'!$H$53="Active","✓","x")) -> na | AZ20: =IF('MPPP Cebu'!$H$54="n/a","na",IF('MPPP Cebu'!$H$54="Active","✓","x")) -> na | BA20: =IF('MPPP Cebu'!$H$55="n/a","na",IF('MPPP Cebu'!$H$55="Active","✓","x")) -> na | BB20: =IF('MPPP Cebu'!$H$56="n/a","na",IF('MPPP Cebu'!$H$56="Active","✓","x")) -> na | BC20: =IF('MPPP Cebu'!$H$57="n/a","na",IF('MPPP Cebu'!$H$57="Active","✓","x")) -> na | BD20: =IF('MPPP Cebu'!$H$58="n/a","na",IF('MPPP Cebu'!$H$58="Active","✓","x")) -> ✓ | BE20: =IF('MPPP Cebu'!$H$59="n/a","na",IF('MPPP Cebu'!$H$59="Active","✓","x")) -> na | BF20: =IF('MPPP Cebu'!$H$60="n/a","na",IF('MPPP Cebu'!$H$60="Active","✓","x")) -> na | BG20: =IF('MPPP Cebu'!$H$61="n/a","na",IF('MPPP Cebu'!$H$61="Active","✓","x")) -> na | BH20: =IF('MPPP Cebu'!$H$62="n/a","na",IF('MPPP Cebu'!$H$62="Active","✓","x")) -> na | BI20: =IF('MPPP Cebu'!$H$63="n/a","na",IF('MPPP Cebu'!$H$63="Active","✓","x")) -> na | BJ20: =IF('MPPP Cebu'!$H$64="n/a","na",IF('MPPP Cebu'!$H$64="Active","✓","x")) -> na | BK20: =IF('MPPP Cebu'!$H$65="n/a","na",IF('MPPP Cebu'!$H$65="Active","✓","x")) -> ✓ | BL20: =IF('MPPP Cebu'!$H$66="n/a","na",IF('MPPP Cebu'!$H$66="Active","✓","x")) -> na | BM20: =IF('MPPP Cebu'!$H$67="n/a","na",IF('MPPP Cebu'!$H$67="Active","✓","x")) -> na | BN20: =IF('MPPP Cebu'!$H$68="n/a","na",IF('MPPP Cebu'!$H$68="Active","✓","x")) -> na | BP20: =COUNTIF(D20:BN20,"*")-COUNTIF(D20:BN20,"NA") -> 22 | BQ20: =COUNTIF(D20:BN20,"✓") -> 22 | BR20: =IFERROR(BQ20/BP20,0) -> 1
B21: Visayas | C21: MPPP Leyte | D21: =IF('MPPP Leyte'!$H$6="n/a","na",IF('MPPP Leyte'!$H$6="Active","✓","x")) -> ✓ | E21: =IF('MPPP Leyte'!$H$7="n/a","na",IF('MPPP Leyte'!$H$7="Active","✓","x")) -> ✓ | F21: =IF('MPPP Leyte'!$H$8="n/a","na",IF('MPPP Leyte'!$H$8="Active","✓","x")) -> x | G21: =IF('MPPP Leyte'!$H$9="n/a","na",IF('MPPP Leyte'!$H$9="Active","✓","x")) -> x | H21: =IF('MPPP Leyte'!$H$10="n/a","na",IF('MPPP Leyte'!$H$10="Active","✓","x")) -> x | I21: =IF('MPPP Leyte'!$H$11="n/a","na",IF('MPPP Leyte'!$H$11="Active","✓","x")) -> x | J21: =IF('MPPP Leyte'!$H$12="n/a","na",IF('MPPP Leyte'!$H$12="Active","✓","x")) -> ✓ | K21: =IF('MPPP Leyte'!$H$13="n/a","na",IF('MPPP Leyte'!$H$13="Active","✓","x")) -> x | L21: =IF('MPPP Leyte'!$H$14="n/a","na",IF('MPPP Leyte'!$H$14="Active","✓","x")) -> ✓ | M21: =IF('MPPP Leyte'!$H$15="n/a","na",IF('MPPP Leyte'!$H$15="Active","✓","x")) -> ✓ | N21: =IF('MPPP Leyte'!$H$16="n/a","na",IF('MPPP Leyte'!$H$16="Active","✓","x")) -> x | O21: =IF('MPPP Leyte'!$H$17="n/a","na",IF('MPPP Leyte'!$H$17="Active","✓","x")) -> ✓ | P21: =IF('MPPP Leyte'!$H$18="n/a","na",IF('MPPP Leyte'!$H$18="Active","✓","x")) -> na | Q21: =IF('MPPP Leyte'!$H$19="n/a","na",IF('MPPP Leyte'!$H$19="Active","✓","x")) -> ✓ | R21: =IF('MPPP Leyte'!$H$20="n/a","na",IF('MPPP Leyte'!$H$20="Active","✓","x")) -> ✓ | S21: =IF('MPPP Leyte'!$H$21="n/a","na",IF('MPPP Leyte'!$H$21="Active","✓","x")) -> ✓ | T21: =IF('MPPP Leyte'!$H$22="n/a","na",IF('MPPP Leyte'!$H$22="Active","✓","x")) -> x | U21: =IF('MPPP Leyte'!$H$23="n/a","na",IF('MPPP Leyte'!$H$23="Active","✓","x")) -> ✓ | V21: =IF('MPPP Leyte'!$H$24="n/a","na",IF('MPPP Leyte'!$H$24="Active","✓","x")) -> na | W21: =IF('MPPP Leyte'!$H$25="n/a","na",IF('MPPP Leyte'!$H$25="Active","✓","x")) -> ✓ | X21: =IF('MPPP Leyte'!$H$26="n/a","na",IF('MPPP Leyte'!$H$26="Active","✓","x")) -> ✓ | Y21: =IF('MPPP Leyte'!$H$27="n/a","na",IF('MPPP Leyte'!$H$27="Active","✓","x")) -> na | Z21: =IF('MPPP Leyte'!$H$28="n/a","na",IF('MPPP Leyte'!$H$28="Active","✓","x")) -> na | AA21: =IF('MPPP Leyte'!$H$29="n/a","na",IF('MPPP Leyte'!$H$29="Active","✓","x")) -> x | AB21: =IF('MPPP Leyte'!$H$30="n/a","na",IF('MPPP Leyte'!$H$30="Active","✓","x")) -> na | AC21: =IF('MPPP Leyte'!$H$31="n/a","na",IF('MPPP Leyte'!$H$31="Active","✓","x")) -> na | AD21: =IF('MPPP Leyte'!$H$32="n/a","na",IF('MPPP Leyte'!$H$32="Active","✓","x")) -> x | AE21: =IF('MPPP Leyte'!$H$33="n/a","na",IF('MPPP Leyte'!$H$33="Active","✓","x")) -> ✓ | AF21: =IF('MPPP Leyte'!$H$34="n/a","na",IF('MPPP Leyte'!$H$34="Active","✓","x")) -> ✓ | AG21: =IF('MPPP Leyte'!$H$35="n/a","na",IF('MPPP Leyte'!$H$35="Active","✓","x")) -> na | AH21: =IF('MPPP Leyte'!$H$36="n/a","na",IF('MPPP Leyte'!$H$36="Active","✓","x")) -> na | AI21: =IF('MPPP Leyte'!$H$37="n/a","na",IF('MPPP Leyte'!$H$37="Active","✓","x")) -> na | AJ21: =IF('MPPP Leyte'!$H$38="n/a","na",IF('MPPP Leyte'!$H$38="Active","✓","x")) -> na | AK21: =IF('MPPP Leyte'!$H$39="n/a","na",IF('MPPP Leyte'!$H$39="Active","✓","x")) -> na | AL21: =IF('MPPP Leyte'!$H$40="n/a","na",IF('MPPP Leyte'!$H$40="Active","✓","x")) -> na | AM21: =IF('MPPP Leyte'!$H$41="n/a","na",IF('MPPP Leyte'!$H$41="Active","✓","x")) -> na | AN21: =IF('MPPP Leyte'!$H$42="n/a","na",IF('MPPP Leyte'!$H$42="Active","✓","x")) -> na | AO21: =IF('MPPP Leyte'!$H$43="n/a","na",IF('MPPP Leyte'!$H$43="Active","✓","x")) -> na | AP21: =IF('MPPP Leyte'!$H$44="n/a","na",IF('MPPP Leyte'!$H$44="Active","✓","x")) -> na | AQ21: =IF('MPPP Leyte'!$H$45="n/a","na",IF('MPPP Leyte'!$H$45="Active","✓","x")) -> na | AR21: =IF('MPPP Leyte'!$H$46="n/a","na",IF('MPPP Leyte'!$H$46="Active","✓","x")) -> na | AS21: =IF('MPPP Leyte'!$H$47="n/a","na",IF('MPPP Leyte'!$H$47="Active","✓","x")) -> na | AT21: =IF('MPPP Leyte'!$H$48="n/a","na",IF('MPPP Leyte'!$H$48="Active","✓","x")) -> na | AU21: =IF('MPPP Leyte'!$H$49="n/a","na",IF('MPPP Leyte'!$H$49="Active","✓","x")) -> na | AV21: =IF('MPPP Leyte'!$H$50="n/a","na",IF('MPPP Leyte'!$H$50="Active","✓","x")) -> x | AW21: =IF('MPPP Leyte'!$H$51="n/a","na",IF('MPPP Leyte'!$H$51="Active","✓","x")) -> x | AX21: =IF('MPPP Leyte'!$H$52="n/a","na",IF('MPPP Leyte'!$H$52="Active","✓","x")) -> x | AY21: =IF('MPPP Leyte'!$H$53="n/a","na",IF('MPPP Leyte'!$H$53="Active","✓","x")) -> x | AZ21: =IF('MPPP Leyte'!$H$54="n/a","na",IF('MPPP Leyte'!$H$54="Active","✓","x")) -> x | BA21: =IF('MPPP Leyte'!$H$55="n/a","na",IF('MPPP Leyte'!$H$55="Active","✓","x")) -> na | BB21: =IF('MPPP Leyte'!$H$56="n/a","na",IF('MPPP Leyte'!$H$56="Active","✓","x")) -> na | BC21: =IF('MPPP Leyte'!$H$57="n/a","na",IF('MPPP Leyte'!$H$57="Active","✓","x")) -> ✓ | BD21: =IF('MPPP Leyte'!$H$58="n/a","na",IF('MPPP Leyte'!$H$58="Active","✓","x")) -> x | BE21: =IF('MPPP Leyte'!$H$59="n/a","na",IF('MPPP Leyte'!$H$59="Active","✓","x")) -> x | BF21: =IF('MPPP Leyte'!$H$60="n/a","na",IF('MPPP Leyte'!$H$60="Active","✓","x")) -> x | BG21: =IF('MPPP Leyte'!$H$61="n/a","na",IF('MPPP Leyte'!$H$61="Active","✓","x")) -> x | BH21: =IF('MPPP Leyte'!$H$62="n/a","na",IF('MPPP Leyte'!$H$62="Active","✓","x")) -> x | BI21: =IF('MPPP Leyte'!$H$63="n/a","na",IF('MPPP Leyte'!$H$63="Active","✓","x")) -> x | BJ21: =IF('MPPP Leyte'!$H$64="n/a","na",IF('MPPP Leyte'!$H$64="Active","✓","x")) -> na | BK21: =IF('MPPP Leyte'!$H$65="n/a","na",IF('MPPP Leyte'!$H$65="Active","✓","x")) -> x | BL21: =IF('MPPP Leyte'!$H$66="n/a","na",IF('MPPP Leyte'!$H$66="Active","✓","x")) -> x | BM21: =IF('MPPP Leyte'!$H$67="n/a","na",IF('MPPP Leyte'!$H$67="Active","✓","x")) -> na | BN21: =IF('MPPP Leyte'!$H$68="n/a","na",IF('MPPP Leyte'!$H$68="Active","✓","x")) -> na | BP21: =COUNTIF(D21:BN21,"*")-COUNTIF(D21:BN21,"NA") -> 37 | BQ21: =COUNTIF(D21:BN21,"✓") -> 15 | BR21: =IFERROR(BQ21/BP21,0) -> 0.40540541
B22: Mindanao | C22: BMP DavSur | D22: =IF('BMP DavSur'!$H$6="n/a","na",IF('BMP DavSur'!$H$6="Active","✓","x")) -> ✓ | E22: =IF('BMP DavSur'!$H$7="n/a","na",IF('BMP DavSur'!$H$7="Active","✓","x")) -> ✓ | F22: =IF('BMP DavSur'!$H$8="n/a","na",IF('BMP DavSur'!$H$8="Active","✓","x")) -> ✓ | G22: =IF('BMP DavSur'!$H$9="n/a","na",IF('BMP DavSur'!$H$9="Active","✓","x")) -> na | H22: =IF('BMP DavSur'!$H$10="n/a","na",IF('BMP DavSur'!$H$10="Active","✓","x")) -> na | I22: =IF('BMP DavSur'!$H$11="n/a","na",IF('BMP DavSur'!$H$11="Active","✓","x")) -> x | J22: =IF('BMP DavSur'!$H$12="n/a","na",IF('BMP DavSur'!$H$12="Active","✓","x")) -> ✓ | K22: =IF('BMP DavSur'!$H$13="n/a","na",IF('BMP DavSur'!$H$13="Active","✓","x")) -> ✓ | L22: =IF('BMP DavSur'!$H$14="n/a","na",IF('BMP DavSur'!$H$14="Active","✓","x")) -> ✓ | M22: =IF('BMP DavSur'!$H$15="n/a","na",IF('BMP DavSur'!$H$15="Active","✓","x")) -> ✓ | N22: =IF('BMP DavSur'!$H$16="n/a","na",IF('BMP DavSur'!$H$16="Active","✓","x")) -> ✓ | O22: =IF('BMP DavSur'!$H$17="n/a","na",IF('BMP DavSur'!$H$17="Active","✓","x")) -> na | P22: =IF('BMP DavSur'!$H$18="n/a","na",IF('BMP DavSur'!$H$18="Active","✓","x")) -> ✓ | Q22: =IF('BMP DavSur'!$H$19="n/a","na",IF('BMP DavSur'!$H$19="Active","✓","x")) -> ✓ | R22: =IF('BMP DavSur'!$H$20="n/a","na",IF('BMP DavSur'!$H$20="Active","✓","x")) -> ✓ | S22: =IF('BMP DavSur'!$H$21="n/a","na",IF('BMP DavSur'!$H$21="Active","✓","x")) -> ✓ | T22: =IF('BMP DavSur'!$H$22="n/a","na",IF('BMP DavSur'!$H$22="Active","✓","x")) -> ✓ | U22: =IF('BMP DavSur'!$H$23="n/a","na",IF('BMP DavSur'!$H$23="Active","✓","x")) -> ✓ | V22: =IF('BMP DavSur'!$H$24="n/a","na",IF('BMP DavSur'!$H$24="Active","✓","x")) -> na | W22: =IF('BMP DavSur'!$H$25="n/a","na",IF('BMP DavSur'!$H$25="Active","✓","x")) -> ✓ | X22: =IF('BMP DavSur'!$H$26="n/a","na",IF('BMP DavSur'!$H$26="Active","✓","x")) -> ✓ | Y22: =IF('BMP DavSur'!$H$27="n/a","na",IF('BMP DavSur'!$H$27="Active","✓","x")) -> na | Z22: =IF('BMP DavSur'!$H$28="n/a","na",IF('BMP DavSur'!$H$28="Active","✓","x")) -> na | AA22: =IF('BMP DavSur'!$H$29="n/a","na",IF('BMP DavSur'!$H$29="Active","✓","x")) -> ✓ | AB22: =IF('BMP DavSur'!$H$30="n/a","na",IF('BMP DavSur'!$H$30="Active","✓","x")) -> na | AC22: =IF('BMP DavSur'!$H$31="n/a","na",IF('BMP DavSur'!$H$31="Active","✓","x")) -> na | AD22: =IF('BMP DavSur'!$H$32="n/a","na",IF('BMP DavSur'!$H$32="Active","✓","x")) -> na | AE22: =IF('BMP DavSur'!$H$33="n/a","na",IF('BMP DavSur'!$H$33="Active","✓","x")) -> x | AF22: =IF('BMP DavSur'!$H$34="n/a","na",IF('BMP DavSur'!$H$34="Active","✓","x")) -> ✓ | AG22: =IF('BMP DavSur'!$H$35="n/a","na",IF('BMP DavSur'!$H$35="Active","✓","x")) -> na | AH22: =IF('BMP DavSur'!$H$36="n/a","na",IF('BMP DavSur'!$H$36="Active","✓","x")) -> na | AI22: =IF('BMP DavSur'!$H$37="n/a","na",IF('BMP DavSur'!$H$37="Active","✓","x")) -> na | AJ22: =IF('BMP DavSur'!$H$38="n/a","na",IF('BMP DavSur'!$H$38="Active","✓","x")) -> na | AK22: =IF('BMP DavSur'!$H$39="n/a","na",IF('BMP DavSur'!$H$39="Active","✓","x")) -> na | AL22: =IF('BMP DavSur'!$H$40="n/a","na",IF('BMP DavSur'!$H$40="Active","✓","x")) -> na | AM22: =IF('BMP DavSur'!$H$41="n/a","na",IF('BMP DavSur'!$H$41="Active","✓","x")) -> na | AN22: =IF('BMP DavSur'!$H$42="n/a","na",IF('BMP DavSur'!$H$42="Active","✓","x")) -> ✓ | AO22: =IF('BMP DavSur'!$H$43="n/a","na",IF('BMP DavSur'!$H$43="Active","✓","x")) -> na | AP22: =IF('BMP DavSur'!$H$44="n/a","na",IF('BMP DavSur'!$H$44="Active","✓","x")) -> na | AQ22: =IF('BMP DavSur'!$H$45="n/a","na",IF('BMP DavSur'!$H$45="Active","✓","x")) -> na | AR22: =IF('BMP DavSur'!$H$46="n/a","na",IF('BMP DavSur'!$H$46="Active","✓","x")) -> ✓ | AS22: =IF('BMP DavSur'!$H$47="n/a","na",IF('BMP DavSur'!$H$47="Active","✓","x")) -> na | AT22: =IF('BMP DavSur'!$H$48="n/a","na",IF('BMP DavSur'!$H$48="Active","✓","x")) -> ✓ | AU22: =IF('BMP DavSur'!$H$49="n/a","na",IF('BMP DavSur'!$H$49="Active","✓","x")) -> na | AV22: =IF('BMP DavSur'!$H$50="n/a","na",IF('BMP DavSur'!$H$50="Active","✓","x")) -> na | AW22: =IF('BMP DavSur'!$H$51="n/a","na",IF('BMP DavSur'!$H$51="Active","✓","x")) -> ✓ | AX22: =IF('BMP DavSur'!$H$52="n/a","na",IF('BMP DavSur'!$H$52="Active","✓","x")) -> na | AY22: =IF('BMP DavSur'!$H$53="n/a","na",IF('BMP DavSur'!$H$53="Active","✓","x")) -> na | AZ22: =IF('BMP DavSur'!$H$54="n/a","na",IF('BMP DavSur'!$H$54="Active","✓","x")) -> na | BA22: =IF('BMP DavSur'!$H$55="n/a","na",IF('BMP DavSur'!$H$55="Active","✓","x")) -> na | BB22: =IF('BMP DavSur'!$H$56="n/a","na",IF('BMP DavSur'!$H$56="Active","✓","x")) -> na | BC22: =IF('BMP DavSur'!$H$57="n/a","na",IF('BMP DavSur'!$H$57="Active","✓","x")) -> ✓ | BD22: =IF('BMP DavSur'!$H$58="n/a","na",IF('BMP DavSur'!$H$58="Active","✓","x")) -> na | BE22: =IF('BMP DavSur'!$H$59="n/a","na",IF('BMP DavSur'!$H$59="Active","✓","x")) -> na | BF22: =IF('BMP DavSur'!$H$60="n/a","na",IF('BMP DavSur'!$H$60="Active","✓","x")) -> na | BG22: =IF('BMP DavSur'!$H$61="n/a","na",IF('BMP DavSur'!$H$61="Active","✓","x")) -> na | BH22: =IF('BMP DavSur'!$H$62="n/a","na",IF('BMP DavSur'!$H$62="Active","✓","x")) -> na | BI22: =IF('BMP DavSur'!$H$63="n/a","na",IF('BMP DavSur'!$H$63="Active","✓","x")) -> na | BJ22: =IF('BMP DavSur'!$H$64="n/a","na",IF('BMP DavSur'!$H$64="Active","✓","x")) -> ✓ | BK22: =IF('BMP DavSur'!$H$65="n/a","na",IF('BMP DavSur'!$H$65="Active","✓","x")) -> x | BL22: =IF('BMP DavSur'!$H$66="n/a","na",IF('BMP DavSur'!$H$66="Active","✓","x")) -> ✓ | BM22: =IF('BMP DavSur'!$H$67="n/a","na",IF('BMP DavSur'!$H$67="Active","✓","x")) -> na | BN22: =IF('BMP DavSur'!$H$68="n/a","na",IF('BMP DavSur'!$H$68="Active","✓","x")) -> ✓ | BP22: =COUNTIF(D22:BN22,"*")-COUNTIF(D22:BN22,"NA") -> 29 | BQ22: =COUNTIF(D22:BN22,"✓") -> 26 | BR22: =IFERROR(BQ22/BP22,0) -> 0.89655172
B23: Mindanao | C23: BMP MisOr | D23: =IF('BMP MisOr'!$H$6="n/a","na",IF('BMP MisOr'!$H$6="Active","✓","x")) -> ✓ | E23: =IF('BMP MisOr'!$H$7="n/a","na",IF('BMP MisOr'!$H$7="Active","✓","x")) -> ✓ | F23: =IF('BMP MisOr'!$H$8="n/a","na",IF('BMP MisOr'!$H$8="Active","✓","x")) -> ✓ | G23: =IF('BMP MisOr'!$H$9="n/a","na",IF('BMP MisOr'!$H$9="Active","✓","x")) -> na | H23: =IF('BMP MisOr'!$H$10="n/a","na",IF('BMP MisOr'!$H$10="Active","✓","x")) -> na | I23: =IF('BMP MisOr'!$H$11="n/a","na",IF('BMP MisOr'!$H$11="Active","✓","x")) -> na | J23: =IF('BMP MisOr'!$H$12="n/a","na",IF('BMP MisOr'!$H$12="Active","✓","x")) -> ✓ | K23: =IF('BMP MisOr'!$H$13="n/a","na",IF('BMP MisOr'!$H$13="Active","✓","x")) -> na | L23: =IF('BMP MisOr'!$H$14="n/a","na",IF('BMP MisOr'!$H$14="Active","✓","x")) -> ✓ | M23: =IF('BMP MisOr'!$H$15="n/a","na",IF('BMP MisOr'!$H$15="Active","✓","x")) -> ✓ | N23: =IF('BMP MisOr'!$H$16="n/a","na",IF('BMP MisOr'!$H$16="Active","✓","x")) -> ✓ | O23: =IF('BMP MisOr'!$H$17="n/a","na",IF('BMP MisOr'!$H$17="Active","✓","x")) -> ✓ | P23: =IF('BMP MisOr'!$H$18="n/a","na",IF('BMP MisOr'!$H$18="Active","✓","x")) -> ✓ | Q23: =IF('BMP MisOr'!$H$19="n/a","na",IF('BMP MisOr'!$H$19="Active","✓","x")) -> x | R23: =IF('BMP MisOr'!$H$20="n/a","na",IF('BMP MisOr'!$H$20="Active","✓","x")) -> ✓ | S23: =IF('BMP MisOr'!$H$21="n/a","na",IF('BMP MisOr'!$H$21="Active","✓","x")) -> x | T23: =IF('BMP MisOr'!$H$22="n/a","na",IF('BMP MisOr'!$H$22="Active","✓","x")) -> ✓ | U23: =IF('BMP MisOr'!$H$23="n/a","na",IF('BMP MisOr'!$H$23="Active","✓","x")) -> ✓ | V23: =IF('BMP MisOr'!$H$24="n/a","na",IF('BMP MisOr'!$H$24="Active","✓","x")) -> na | W23: =IF('BMP MisOr'!$H$25="n/a","na",IF('BMP MisOr'!$H$25="Active","✓","x")) -> ✓ | X23: =IF('BMP MisOr'!$H$26="n/a","na",IF('BMP MisOr'!$H$26="Active","✓","x")) -> x | Y23: =IF('BMP MisOr'!$H$27="n/a","na",IF('BMP MisOr'!$H$27="Active","✓","x")) -> ✓ | Z23: =IF('BMP MisOr'!$H$28="n/a","na",IF('BMP MisOr'!$H$28="Active","✓","x")) -> na | AA23: =IF('BMP MisOr'!$H$29="n/a","na",IF('BMP MisOr'!$H$29="Active","✓","x")) -> ✓ | AB23: =IF('BMP MisOr'!$H$30="n/a","na",IF('BMP MisOr'!$H$30="Active","✓","x")) -> na | AC23: =IF('BMP MisOr'!$H$31="n/a","na",IF('BMP MisOr'!$H$31="Active","✓","x")) -> na | AD23: =IF('BMP MisOr'!$H$32="n/a","na",IF('BMP MisOr'!$H$32="Active","✓","x")) -> na | AE23: =IF('BMP MisOr'!$H$33="n/a","na",IF('BMP MisOr'!$H$33="Active","✓","x")) -> ✓ | AF23: =IF('BMP MisOr'!$H$34="n/a","na",IF('BMP MisOr'!$H$34="Active","✓","x")) -> ✓ | AG23: =IF('BMP MisOr'!$H$35="n/a","na",IF('BMP MisOr'!$H$35="Active","✓","x")) -> ✓ | AH23: =IF('BMP MisOr'!$H$36="n/a","na",IF('BMP MisOr'!$H$36="Active","✓","x")) -> na | AI23: =IF('BMP MisOr'!$H$37="n/a","na",IF('BMP MisOr'!$H$37="Active","✓","x")) -> na | AJ23: =IF('BMP MisOr'!$H$38="n/a","na",IF('BMP MisOr'!$H$38="Active","✓","x")) -> na | AK23: =IF('BMP MisOr'!$H$39="n/a","na",IF('BMP MisOr'!$H$39="Active","✓","x")) -> na | AL23: =IF('BMP MisOr'!$H$40="n/a","na",IF('BMP MisOr'!$H$40="Active","✓","x")) -> na | AM23: =IF('BMP MisOr'!$H$41="n/a","na",IF('BMP MisOr'!$H$41="Active","✓","x")) -> na | AN23: =IF('BMP MisOr'!$H$42="n/a","na",IF('BMP MisOr'!$H$42="Active","✓","x")) -> ✓ | AO23: =IF('BMP MisOr'!$H$43="n/a","na",IF('BMP MisOr'!$H$43="Active","✓","x")) -> na | AP23: =IF('BMP MisOr'!$H$44="n/a","na",IF('BMP MisOr'!$H$44="Active","✓","x")) -> na | AQ23: =IF('BMP MisOr'!$H$45="n/a","na",IF('BMP MisOr'!$H$45="Active","✓","x")) -> na | AR23: =IF('BMP MisOr'!$H$46="n/a","na",IF('BMP MisOr'!$H$46="Active","✓","x")) -> na | AS23: =IF('BMP MisOr'!$H$47="n/a","na",IF('BMP MisOr'!$H$47="Active","✓","x")) -> na | AT23: =IF('BMP MisOr'!$H$48="n/a","na",IF('BMP MisOr'!$H$48="Active","✓","x")) -> ✓ | AU23: =IF('BMP MisOr'!$H$49="n/a","na",IF('BMP MisOr'!$H$49="Active","✓","x")) -> na | AV23: =IF('BMP MisOr'!$H$50="n/a","na",IF('BMP MisOr'!$H$50="Active","✓","x")) -> na | AW23: =IF('BMP MisOr'!$H$51="n/a","na",IF('BMP MisOr'!$H$51="Active","✓","x")) -> na | AX23: =IF('BMP MisOr'!$H$52="n/a","na",IF('BMP MisOr'!$H$52="Active","✓","x")) -> na | AY23: =IF('BMP MisOr'!$H$53="n/a","na",IF('BMP MisOr'!$H$53="Active","✓","x")) -> na | AZ23: =IF('BMP MisOr'!$H$54="n/a","na",IF('BMP MisOr'!$H$54="Active","✓","x")) -> na | BA23: =IF('BMP MisOr'!$H$55="n/a","na",IF('BMP MisOr'!$H$55="Active","✓","x")) -> na | BB23: =IF('BMP MisOr'!$H$56="n/a","na",IF('BMP MisOr'!$H$56="Active","✓","x")) -> na | BC23: =IF('BMP MisOr'!$H$57="n/a","na",IF('BMP MisOr'!$H$57="Active","✓","x")) -> na | BD23: =IF('BMP MisOr'!$H$58="n/a","na",IF('BMP MisOr'!$H$58="Active","✓","x")) -> na | BE23: =IF('BMP MisOr'!$H$59="n/a","na",IF('BMP MisOr'!$H$59="Active","✓","x")) -> na | BF23: =IF('BMP MisOr'!$H$60="n/a","na",IF('BMP MisOr'!$H$60="Active","✓","x")) -> na | BG23: =IF('BMP MisOr'!$H$61="n/a","na",IF('BMP MisOr'!$H$61="Active","✓","x")) -> na | BH23: =IF('BMP MisOr'!$H$62="n/a","na",IF('BMP MisOr'!$H$62="Active","✓","x")) -> na | BI23: =IF('BMP MisOr'!$H$63="n/a","na",IF('BMP MisOr'!$H$63="Active","✓","x")) -> na | BJ23: =IF('BMP MisOr'!$H$64="n/a","na",IF('BMP MisOr'!$H$64="Active","✓","x")) -> ✓ | BK23: =IF('BMP MisOr'!$H$65="n/a","na",IF('BMP MisOr'!$H$65="Active","✓","x")) -> x | BL23: =IF('BMP MisOr'!$H$66="n/a","na",IF('BMP MisOr'!$H$66="Active","✓","x")) -> ✓ | BM23: =IF('BMP MisOr'!$H$67="n/a","na",IF('BMP MisOr'!$H$67="Active","✓","x")) -> na | BN23: =IF('BMP MisOr'!$H$68="n/a","na",IF('BMP MisOr'!$H$68="Active","✓","x")) -> ✓ | BP23: =COUNTIF(D23:BN23,"*")-COUNTIF(D23:BN23,"NA") -> 27 | BQ23: =COUNTIF(D23:BN23,"✓") -> 23 | BR23: =IFERROR(BQ23/BP23,0) -> 0.85185185
B24: Mindanao | C24: MPPP DavSur | D24: =IF('MPPP DavSur'!$H$6="n/a","na",IF('MPPP DavSur'!$H$6="Active","✓","x")) -> ✓ | E24: =IF('MPPP DavSur'!$H$7="n/a","na",IF('MPPP DavSur'!$H$7="Active","✓","x")) -> ✓ | F24: =IF('MPPP DavSur'!$H$8="n/a","na",IF('MPPP DavSur'!$H$8="Active","✓","x")) -> ✓ | G24: =IF('MPPP DavSur'!$H$9="n/a","na",IF('MPPP DavSur'!$H$9="Active","✓","x")) -> na | H24: =IF('MPPP DavSur'!$H$10="n/a","na",IF('MPPP DavSur'!$H$10="Active","✓","x")) -> na | I24: =IF('MPPP DavSur'!$H$11="n/a","na",IF('MPPP DavSur'!$H$11="Active","✓","x")) -> ✓ | J24: =IF('MPPP DavSur'!$H$12="n/a","na",IF('MPPP DavSur'!$H$12="Active","✓","x")) -> ✓ | K24: =IF('MPPP DavSur'!$H$13="n/a","na",IF('MPPP DavSur'!$H$13="Active","✓","x")) -> na | L24: =IF('MPPP DavSur'!$H$14="n/a","na",IF('MPPP DavSur'!$H$14="Active","✓","x")) -> x | M24: =IF('MPPP DavSur'!$H$15="n/a","na",IF('MPPP DavSur'!$H$15="Active","✓","x")) -> x | N24: =IF('MPPP DavSur'!$H$16="n/a","na",IF('MPPP DavSur'!$H$16="Active","✓","x")) -> x | O24: =IF('MPPP DavSur'!$H$17="n/a","na",IF('MPPP DavSur'!$H$17="Active","✓","x")) -> x | P24: =IF('MPPP DavSur'!$H$18="n/a","na",IF('MPPP DavSur'!$H$18="Active","✓","x")) -> na | Q24: =IF('MPPP DavSur'!$H$19="n/a","na",IF('MPPP DavSur'!$H$19="Active","✓","x")) -> na | R24: =IF('MPPP DavSur'!$H$20="n/a","na",IF('MPPP DavSur'!$H$20="Active","✓","x")) -> x | S24: =IF('MPPP DavSur'!$H$21="n/a","na",IF('MPPP DavSur'!$H$21="Active","✓","x")) -> ✓ | T24: =IF('MPPP DavSur'!$H$22="n/a","na",IF('MPPP DavSur'!$H$22="Active","✓","x")) -> ✓ | U24: =IF('MPPP DavSur'!$H$23="n/a","na",IF('MPPP DavSur'!$H$23="Active","✓","x")) -> ✓ | V24: =IF('MPPP DavSur'!$H$24="n/a","na",IF('MPPP DavSur'!$H$24="Active","✓","x")) -> na | W24: =IF('MPPP DavSur'!$H$25="n/a","na",IF('MPPP DavSur'!$H$25="Active","✓","x")) -> ✓ | X24: =IF('MPPP DavSur'!$H$26="n/a","na",IF('MPPP DavSur'!$H$26="Active","✓","x")) -> ✓ | Y24: =IF('MPPP DavSur'!$H$27="n/a","na",IF('MPPP DavSur'!$H$27="Active","✓","x")) -> na | Z24: =IF('MPPP DavSur'!$H$28="n/a","na",IF('MPPP DavSur'!$H$28="Active","✓","x")) -> na | AA24: =IF('MPPP DavSur'!$H$29="n/a","na",IF('MPPP DavSur'!$H$29="Active","✓","x")) -> ✓ | AB24: =IF('MPPP DavSur'!$H$30="n/a","na",IF('MPPP DavSur'!$H$30="Active","✓","x")) -> na | AC24: =IF('MPPP DavSur'!$H$31="n/a","na",IF('MPPP DavSur'!$H$31="Active","✓","x")) -> na | AD24: =IF('MPPP DavSur'!$H$32="n/a","na",IF('MPPP DavSur'!$H$32="Active","✓","x")) -> na | AE24: =IF('MPPP DavSur'!$H$33="n/a","na",IF('MPPP DavSur'!$H$33="Active","✓","x")) -> ✓ | AF24: =IF('MPPP DavSur'!$H$34="n/a","na",IF('MPPP DavSur'!$H$34="Active","✓","x")) -> ✓ | AG24: =IF('MPPP DavSur'!$H$35="n/a","na",IF('MPPP DavSur'!$H$35="Active","✓","x")) -> na | AH24: =IF('MPPP DavSur'!$H$36="n/a","na",IF('MPPP DavSur'!$H$36="Active","✓","x")) -> na | AI24: =IF('MPPP DavSur'!$H$37="n/a","na",IF('MPPP DavSur'!$H$37="Active","✓","x")) -> na | AJ24: =IF('MPPP DavSur'!$H$38="n/a","na",IF('MPPP DavSur'!$H$38="Active","✓","x")) -> na | AK24: =IF('MPPP DavSur'!$H$39="n/a","na",IF('MPPP DavSur'!$H$39="Active","✓","x")) -> na | AL24: =IF('MPPP DavSur'!$H$40="n/a","na",IF('MPPP DavSur'!$H$40="Active","✓","x")) -> na | AM24: =IF('MPPP DavSur'!$H$41="n/a","na",IF('MPPP DavSur'!$H$41="Active","✓","x")) -> na | AN24: =IF('MPPP DavSur'!$H$42="n/a","na",IF('MPPP DavSur'!$H$42="Active","✓","x")) -> na | AO24: =IF('MPPP DavSur'!$H$43="n/a","na",IF('MPPP DavSur'!$H$43="Active","✓","x")) -> na | AP24: =IF('MPPP DavSur'!$H$44="n/a","na",IF('MPPP DavSur'!$H$44="Active","✓","x")) -> na | AQ24: =IF('MPPP DavSur'!$H$45="n/a","na",IF('MPPP DavSur'!$H$45="Active","✓","x")) -> na | AR24: =IF('MPPP DavSur'!$H$46="n/a","na",IF('MPPP DavSur'!$H$46="Active","✓","x")) -> na | AS24: =IF('MPPP DavSur'!$H$47="n/a","na",IF('MPPP DavSur'!$H$47="Active","✓","x")) -> na | AT24: =IF('MPPP DavSur'!$H$48="n/a","na",IF('MPPP DavSur'!$H$48="Active","✓","x")) -> na | AU24: =IF('MPPP DavSur'!$H$49="n/a","na",IF('MPPP DavSur'!$H$49="Active","✓","x")) -> na | AV24: =IF('MPPP DavSur'!$H$50="n/a","na",IF('MPPP DavSur'!$H$50="Active","✓","x")) -> na | AW24: =IF('MPPP DavSur'!$H$51="n/a","na",IF('MPPP DavSur'!$H$51="Active","✓","x")) -> ✓ | AX24: =IF('MPPP DavSur'!$H$52="n/a","na",IF('MPPP DavSur'!$H$52="Active","✓","x")) -> ✓ | AY24: =IF('MPPP DavSur'!$H$53="n/a","na",IF('MPPP DavSur'!$H$53="Active","✓","x")) -> ✓ | AZ24: =IF('MPPP DavSur'!$H$54="n/a","na",IF('MPPP DavSur'!$H$54="Active","✓","x")) -> na | BA24: =IF('MPPP DavSur'!$H$55="n/a","na",IF('MPPP DavSur'!$H$55="Active","✓","x")) -> na | BB24: =IF('MPPP DavSur'!$H$56="n/a","na",IF('MPPP DavSur'!$H$56="Active","✓","x")) -> na | BC24: =IF('MPPP DavSur'!$H$57="n/a","na",IF('MPPP DavSur'!$H$57="Active","✓","x")) -> ✓ | BD24: =IF('MPPP DavSur'!$H$58="n/a","na",IF('MPPP DavSur'!$H$58="Active","✓","x")) -> ✓ | BE24: =IF('MPPP DavSur'!$H$59="n/a","na",IF('MPPP DavSur'!$H$59="Active","✓","x")) -> ✓ | BF24: =IF('MPPP DavSur'!$H$60="n/a","na",IF('MPPP DavSur'!$H$60="Active","✓","x")) -> ✓ | BG24: =IF('MPPP DavSur'!$H$61="n/a","na",IF('MPPP DavSur'!$H$61="Active","✓","x")) -> ✓ | BH24: =IF('MPPP DavSur'!$H$62="n/a","na",IF('MPPP DavSur'!$H$62="Active","✓","x")) -> ✓ | BI24: =IF('MPPP DavSur'!$H$63="n/a","na",IF('MPPP DavSur'!$H$63="Active","✓","x")) -> ✓ | BJ24: =IF('MPPP DavSur'!$H$64="n/a","na",IF('MPPP DavSur'!$H$64="Active","✓","x")) -> ✓ | BK24: =IF('MPPP DavSur'!$H$65="n/a","na",IF('MPPP DavSur'!$H$65="Active","✓","x")) -> x | BL24: =IF('MPPP DavSur'!$H$66="n/a","na",IF('MPPP DavSur'!$H$66="Active","✓","x")) -> na | BM24: =IF('MPPP DavSur'!$H$67="n/a","na",IF('MPPP DavSur'!$H$67="Active","✓","x")) -> na | BN24: =IF('MPPP DavSur'!$H$68="n/a","na",IF('MPPP DavSur'!$H$68="Active","✓","x")) -> na | BP24: =COUNTIF(D24:BN24,"*")-COUNTIF(D24:BN24,"NA") -> 30 | BQ24: =COUNTIF(D24:BN24,"✓") -> 24 | BR24: =IFERROR(BQ24/BP24,0) -> 0.8
B25: Mindanao | C25: MPF DavSur | D25: =IF('MPF DavSur'!$H$6="n/a","na",IF('MPF DavSur'!$H$6="Active","✓","x")) -> ✓ | E25: =IF('MPF DavSur'!$H$7="n/a","na",IF('MPF DavSur'!$H$7="Active","✓","x")) -> ✓ | F25: =IF('MPF DavSur'!$H$8="n/a","na",IF('MPF DavSur'!$H$8="Active","✓","x")) -> ✓ | G25: =IF('MPF DavSur'!$H$9="n/a","na",IF('MPF DavSur'!$H$9="Active","✓","x")) -> na | H25: =IF('MPF DavSur'!$H$10="n/a","na",IF('MPF DavSur'!$H$10="Active","✓","x")) -> na | I25: =IF('MPF DavSur'!$H$11="n/a","na",IF('MPF DavSur'!$H$11="Active","✓","x")) -> na | J25: =IF('MPF DavSur'!$H$12="n/a","na",IF('MPF DavSur'!$H$12="Active","✓","x")) -> ✓ | K25: =IF('MPF DavSur'!$H$13="n/a","na",IF('MPF DavSur'!$H$13="Active","✓","x")) -> x | L25: =IF('MPF DavSur'!$H$14="n/a","na",IF('MPF DavSur'!$H$14="Active","✓","x")) -> na | M25: =IF('MPF DavSur'!$H$15="n/a","na",IF('MPF DavSur'!$H$15="Active","✓","x")) -> ✓ | N25: =IF('MPF DavSur'!$H$16="n/a","na",IF('MPF DavSur'!$H$16="Active","✓","x")) -> ✓ | O25: =IF('MPF DavSur'!$H$17="n/a","na",IF('MPF DavSur'!$H$17="Active","✓","x")) -> x | P25: =IF('MPF DavSur'!$H$18="n/a","na",IF('MPF DavSur'!$H$18="Active","✓","x")) -> na | Q25: =IF('MPF DavSur'!$H$19="n/a","na",IF('MPF DavSur'!$H$19="Active","✓","x")) -> na | R25: =IF('MPF DavSur'!$H$20="n/a","na",IF('MPF DavSur'!$H$20="Active","✓","x")) -> na | S25: =IF('MPF DavSur'!$H$21="n/a","na",IF('MPF DavSur'!$H$21="Active","✓","x")) -> x | T25: =IF('MPF DavSur'!$H$22="n/a","na",IF('MPF DavSur'!$H$22="Active","✓","x")) -> ✓ | U25: =IF('MPF DavSur'!$H$23="n/a","na",IF('MPF DavSur'!$H$23="Active","✓","x")) -> ✓ | V25: =IF('MPF DavSur'!$H$24="n/a","na",IF('MPF DavSur'!$H$24="Active","✓","x")) -> na | W25: =IF('MPF DavSur'!$H$25="n/a","na",IF('MPF DavSur'!$H$25="Active","✓","x")) -> ✓ | X25: =IF('MPF DavSur'!$H$26="n/a","na",IF('MPF DavSur'!$H$26="Active","✓","x")) -> ✓ | Y25: =IF('MPF DavSur'!$H$27="n/a","na",IF('MPF DavSur'!$H$27="Active","✓","x")) -> ✓ | Z25: =IF('MPF DavSur'!$H$28="n/a","na",IF('MPF DavSur'!$H$28="Active","✓","x")) -> ✓ | AA25: =IF('MPF DavSur'!$H$29="n/a","na",IF('MPF DavSur'!$H$29="Active","✓","x")) -> ✓ | AB25: =IF('MPF DavSur'!$H$30="n/a","na",IF('MPF DavSur'!$H$30="Active","✓","x")) -> ✓ | AC25: =IF('MPF DavSur'!$H$31="n/a","na",IF('MPF DavSur'!$H$31="Active","✓","x")) -> na | AD25: =IF('MPF DavSur'!$H$32="n/a","na",IF('MPF DavSur'!$H$32="Active","✓","x")) -> na | AE25: =IF('MPF DavSur'!$H$33="n/a","na",IF('MPF DavSur'!$H$33="Active","✓","x")) -> ✓ | AF25: =IF('MPF DavSur'!$H$34="n/a","na",IF('MPF DavSur'!$H$34="Active","✓","x")) -> ✓ | AG25: =IF('MPF DavSur'!$H$35="n/a","na",IF('MPF DavSur'!$H$35="Active","✓","x")) -> na | AH25: =IF('MPF DavSur'!$H$36="n/a","na",IF('MPF DavSur'!$H$36="Active","✓","x")) -> na | AI25: =IF('MPF DavSur'!$H$37="n/a","na",IF('MPF DavSur'!$H$37="Active","✓","x")) -> na | AJ25: =IF('MPF DavSur'!$H$38="n/a","na",IF('MPF DavSur'!$H$38="Active","✓","x")) -> na | AK25: =IF('MPF DavSur'!$H$39="n/a","na",IF('MPF DavSur'!$H$39="Active","✓","x")) -> na | AL25: =IF('MPF DavSur'!$H$40="n/a","na",IF('MPF DavSur'!$H$40="Active","✓","x")) -> na | AM25: =IF('MPF DavSur'!$H$41="n/a","na",IF('MPF DavSur'!$H$41="Active","✓","x")) -> na | AN25: =IF('MPF DavSur'!$H$42="n/a","na",IF('MPF DavSur'!$H$42="Active","✓","x")) -> na | AO25: =IF('MPF DavSur'!$H$43="n/a","na",IF('MPF DavSur'!$H$43="Active","✓","x")) -> na | AP25: =IF('MPF DavSur'!$H$44="n/a","na",IF('MPF DavSur'!$H$44="Active","✓","x")) -> na | AQ25: =IF('MPF DavSur'!$H$45="n/a","na",IF('MPF DavSur'!$H$45="Active","✓","x")) -> na | AR25: =IF('MPF DavSur'!$H$46="n/a","na",IF('MPF DavSur'!$H$46="Active","✓","x")) -> na | AS25: =IF('MPF DavSur'!$H$47="n/a","na",IF('MPF DavSur'!$H$47="Active","✓","x")) -> na | AT25: =IF('MPF DavSur'!$H$48="n/a","na",IF('MPF DavSur'!$H$48="Active","✓","x")) -> na | AU25: =IF('MPF DavSur'!$H$49="n/a","na",IF('MPF DavSur'!$H$49="Active","✓","x")) -> na | AV25: =IF('MPF DavSur'!$H$50="n/a","na",IF('MPF DavSur'!$H$50="Active","✓","x")) -> x | AW25: =IF('MPF DavSur'!$H$51="n/a","na",IF('MPF DavSur'!$H$51="Active","✓","x")) -> x | AX25: =IF('MPF DavSur'!$H$52="n/a","na",IF('MPF DavSur'!$H$52="Active","✓","x")) -> x | AY25: =IF('MPF DavSur'!$H$53="n/a","na",IF('MPF DavSur'!$H$53="Active","✓","x")) -> x | AZ25: =IF('MPF DavSur'!$H$54="n/a","na",IF('MPF DavSur'!$H$54="Active","✓","x")) -> x | BA25: =IF('MPF DavSur'!$H$55="n/a","na",IF('MPF DavSur'!$H$55="Active","✓","x")) -> x | BB25: =IF('MPF DavSur'!$H$56="n/a","na",IF('MPF DavSur'!$H$56="Active","✓","x")) -> x | BC25: =IF('MPF DavSur'!$H$57="n/a","na",IF('MPF DavSur'!$H$57="Active","✓","x")) -> na | BD25: =IF('MPF DavSur'!$H$58="n/a","na",IF('MPF DavSur'!$H$58="Active","✓","x")) -> na | BE25: =IF('MPF DavSur'!$H$59="n/a","na",IF('MPF DavSur'!$H$59="Active","✓","x")) -> na | BF25: =IF('MPF DavSur'!$H$60="n/a","na",IF('MPF DavSur'!$H$60="Active","✓","x")) -> na | BG25: =IF('MPF DavSur'!$H$61="n/a","na",IF('MPF DavSur'!$H$61="Active","✓","x")) -> na | BH25: =IF('MPF DavSur'!$H$62="n/a","na",IF('MPF DavSur'!$H$62="Active","✓","x")) -> na | BI25: =IF('MPF DavSur'!$H$63="n/a","na",IF('MPF DavSur'!$H$63="Active","✓","x")) -> na | BJ25: =IF('MPF DavSur'!$H$64="n/a","na",IF('MPF DavSur'!$H$64="Active","✓","x")) -> na | BK25: =IF('MPF DavSur'!$H$65="n/a","na",IF('MPF DavSur'!$H$65="Active","✓","x")) -> x | BL25: =IF('MPF DavSur'!$H$66="n/a","na",IF('MPF DavSur'!$H$66="Active","✓","x")) -> na | BM25: =IF('MPF DavSur'!$H$67="n/a","na",IF('MPF DavSur'!$H$67="Active","✓","x")) -> na | BN25: =IF('MPF DavSur'!$H$68="n/a","na",IF('MPF DavSur'!$H$68="Active","✓","x")) -> na | BP25: =COUNTIF(D25:BN25,"*")-COUNTIF(D25:BN25,"NA") -> 27 | BQ25: =COUNTIF(D25:BN25,"✓") -> 16 | BR25: =IFERROR(BQ25/BP25,0) -> 0.59259259
B26: Total Applicable License / Certification | D26: =COUNTIF(D3:D25,"*")-COUNTIF(D3:D25,"NA") -> 23 | E26: =COUNTIF(E3:E25,"*")-COUNTIF(E3:E25,"NA") -> 23 | F26: =COUNTIF(F3:F25,"*")-COUNTIF(F3:F25,"NA") -> 17 | G26: =COUNTIF(G3:G25,"*")-COUNTIF(G3:G25,"NA") -> 2 | H26: =COUNTIF(H3:H25,"*")-COUNTIF(H3:H25,"NA") -> 3 | I26: =COUNTIF(I3:I25,"*")-COUNTIF(I3:I25,"NA") -> 11 | J26: =COUNTIF(J3:J25,"*")-COUNTIF(J3:J25,"NA") -> 23 | K26: =COUNTIF(K3:K25,"*")-COUNTIF(K3:K25,"NA") -> 18 | ... BN26: =COUNTIF(BN3:BN25,"*")-COUNTIF(BN3:BN25,"NA") -> 14 | BP26: =SUM(BP3:BP25) -> 632 | BQ26: =SUM(BQ3:BQ25) -> 436 | BR26: =IFERROR(BQ26/BP26,0) -> 0.68987342
B27: Active Applicable License / Certification | D27: =COUNTIF(D3:D25,"✓") -> 23 | E27: =COUNTIF(E3:E25,"✓") -> 23 | F27: =COUNTIF(F3:F25,"✓") -> 12 | G27: =COUNTIF(G3:G25,"✓") -> 0 | H27: =COUNTIF(H3:H25,"✓") -> 0 | I27: =COUNTIF(I3:I25,"✓") -> 2 | J27: =COUNTIF(J3:J25,"✓") -> 22 | K27: =COUNTIF(K3:K25,"✓") -> 10 | ... BN27: =COUNTIF(BN3:BN25,"✓") -> 9
B28: %Active | D28: =IFERROR(D27/D26,0) -> 1 | E28: =IFERROR(E27/E26,0) -> 1 | F28: =IFERROR(F27/F26,0) -> 0.70588235 | G28: =IFERROR(G27/G26,0) -> 0 | H28: =IFERROR(H27/H26,0) -> 0 | I28: =IFERROR(I27/I26,0) -> 0.18181818 | J28: =IFERROR(J27/J26,0) -> 0.95652174 | K28: =IFERROR(K27/K26,0) -> 0.55555556 | ... BN28: =IFERROR(BN27/BN26,0) -> 0.64285714

Sheet SUMMARY-Reportorial
B2: Region | C2: Plant | D2: DOLE Osh Program | E2: DOLE Annual Report on Safety and Health Organization (IP-5) | F2: DOLE Annual Work Accident/Injury Exposure Data Report (IP-6) | G2: DOLE Annual Medical Report (AMR) | H2: DOLE Monthly Work Accident/Illness Report (WAIR) - January 2026 | I2: DOLE Monthly Work Accident/Illness Report (WAIR) - February 2026 | J2: DOLE Monthly Work Accident/Illness Report (WAIR) - March 2026 | K2: DOLE Monthly Work Accident/Illness Report (WAIR) - April 2026 | L2: DOLE Monthly Work Accident/Illness Report (WAIR) - May 2026 | M2: DOLE Monthly Work Accident/Illness Report (WAIR) - June 2026 | N2: DOLE Monthly Work Accident/Illness Report (WAIR) - July 2026 | O2: DOLE Monthly Work Accident/Illness Report (WAIR) - August 2026 | P2: DOLE Monthly Work Accident/Illness Report (WAIR) - September 2026 | Q2: DOLE Monthly Work Accident/Illness Report (WAIR) - October 2026 | R2: DOLE Monthly Work Accident/Illness Report (WAIR) - November 2026 | S2: DOLE Monthly Work Accident/Illness Report (WAIR) - December 2026 | T2: DENR 1st Semester – Compliance Monitoring Report 2026 | U2: DENR 2nd Semester – Compliance Monitoring Report 2026 | V2: DENR 1st Quarter – Self Monitoring Report (2026) | W2: DENR 2nd Quarter – Self Monitoring Report (2026) | X2: DENR 3rd Quarter – Self Monitoring Report (2026) | Y2: DENR 4th Quarter – Self Monitoring Report (2026) | Z2: DENR Annual Emission Inventory | AA2: DENR PEMAPS – Project Environmental Monitoring and Audit Prioritization Scheme Questionnaire | AB2: BAI Monthly Production Report - January 2026 | AC2: BAI Monthly Production Report - February 2026 | AD2: BAI Monthly Production Report - March 2026 | AE2: BAI Monthly Production Report - April 2026 | AF2: BAI Monthly Production Report - May 2026 | AG2: BAI Monthly Production Report - June 2026 | AH2: BAI Monthly Production Report - July 2026 | AI2: BAI Monthly Production Report - August 2026 | AJ2: BAI Monthly Production Report - September 2026 | AK2: BAI Monthly Production Report - October 2026 | AL2: BAI Monthly Production Report - November 2026 | AM2: BAI Monthly Production Report - December 2026 | AN2: NWRB 1st Quarter Groundwater / Surface Water Withdrawal (2026) | AO2: NWRB 2nd Quarter Groundwater / Surface Water Withdrawal (2026) | AP2: NWRB 3rd Quarter Groundwater / Surface Water Withdrawal (2026) | AQ2: NWRB 4h Quarter Groundwater / Surface Water Withdrawal (2026) | AR2: DOE Annual Energy Consumption Report (AECR) | AS2: DOE Annual Energy Efficiency and Conservation Report (AEECR) | AT2: DOE 1st Quarter - Coal Purchases and Utilization Report (2026) | AU2: DOE 2nd Quarter - Coal Purchases and Utilization Report (2026) | AV2: DOE 3rd Quarter - Coal Purchases and Utilization Report (2026) | AW2: DOE 4th Quarter - Coal Purchases and Utilization Report (2026) | AX2: ERC Annual Self-Generating Report | AY2: Column1 | AZ2: Total Applicable Reportorials | BA2: Updated Reportorial | BB2: % Updated
B3: North Luzon | C3: BMP Pangasinan | D3: =IF('BMP Pangasinan'!$H$75="n/a","na",IF('BMP Pangasinan'!$H$75="Submitted On-time","✓","x")) -> ✓ | E3: =IF('BMP Pangasinan'!$H$76="n/a","na",IF('BMP Pangasinan'!$H$76="Submitted On-time","✓","x")) -> ✓ | F3: =IF('BMP Pangasinan'!$H$77="n/a","na",IF('BMP Pangasinan'!$H$77="Submitted On-time","✓","x")) -> ✓ | G3: =IF('BMP Pangasinan'!$H$78="n/a","na",IF('BMP Pangasinan'!$H$78="Submitted On-time","✓","x")) -> ✓ | H3: =IF('BMP Pangasinan'!$H$79="n/a","na",IF('BMP Pangasinan'!$H$79="Submitted On-time","✓","x")) -> ✓ | I3: =IF('BMP Pangasinan'!$H$80="n/a","na",IF('BMP Pangasinan'!$H$80="Submitted On-time","✓","x")) -> ✓ | J3: =IF('BMP Pangasinan'!$H$81="n/a","na",IF('BMP Pangasinan'!$H$81="Submitted On-time","✓","x")) -> ✓ | K3: =IF('BMP Pangasinan'!$H$82="n/a","na",IF('BMP Pangasinan'!$H$82="Submitted On-time","✓","x")) -> x | L3: =IF('BMP Pangasinan'!$H$83="n/a","na",IF('BMP Pangasinan'!$H$83="Submitted On-time","✓","x")) -> ✓ | M3: =IF('BMP Pangasinan'!$H$84="n/a","na",IF('BMP Pangasinan'!$H$84="Submitted On-time","✓","x")) -> x | N3: =IF('BMP Pangasinan'!$H$85="n/a","na",IF('BMP Pangasinan'!$H$85="Submitted On-time","✓","x")) -> ✓ | O3: =IF('BMP Pangasinan'!$H$86="n/a","na",IF('BMP Pangasinan'!$H$86="Submitted On-time","✓","x")) -> x | P3: =IF('BMP Pangasinan'!$H$87="n/a","na",IF('BMP Pangasinan'!$H$87="Submitted On-time","✓","x")) -> x | Q3: =IF('BMP Pangasinan'!$H$88="n/a","na",IF('BMP Pangasinan'!$H$88="Submitted On-time","✓","x")) -> x | R3: =IF('BMP Pangasinan'!$H$89="n/a","na",IF('BMP Pangasinan'!$H$89="Submitted On-time","✓","x")) -> x | S3: =IF('BMP Pangasinan'!$H$90="n/a","na",IF('BMP Pangasinan'!$H$90="Submitted On-time","✓","x")) -> x | T3: =IF('BMP Pangasinan'!$H$91="n/a","na",IF('BMP Pangasinan'!$H$91="Submitted On-time","✓","x")) -> ✓ | U3: =IF('BMP Pangasinan'!$H$92="n/a","na",IF('BMP Pangasinan'!$H$92="Submitted On-time","✓","x")) -> x | V3: =IF('BMP Pangasinan'!$H$93="n/a","na",IF('BMP Pangasinan'!$H$93="Submitted On-time","✓","x")) -> ✓ | W3: =IF('BMP Pangasinan'!$H$94="n/a","na",IF('BMP Pangasinan'!$H$94="Submitted On-time","✓","x")) -> ✓ | X3: =IF('BMP Pangasinan'!$H$95="n/a","na",IF('BMP Pangasinan'!$H$95="Submitted On-time","✓","x")) -> x | Y3: =IF('BMP Pangasinan'!$H$96="n/a","na",IF('BMP Pangasinan'!$H$96="Submitted On-time","✓","x")) -> x | Z3: =IF('BMP Pangasinan'!$H$97="n/a","na",IF('BMP Pangasinan'!$H$97="Submitted On-time","✓","x")) -> x | AA3: =IF('BMP Pangasinan'!$H$98="n/a","na",IF('BMP Pangasinan'!$H$98="Submitted On-time","✓","x")) -> ✓ | AB3: =IF('BMP Pangasinan'!$H$99="n/a","na",IF('BMP Pangasinan'!$H$99="Submitted On-time","✓","x")) -> x | AC3: =IF('BMP Pangasinan'!$H$100="n/a","na",IF('BMP Pangasinan'!$H$100="Submitted On-time","✓","x")) -> ✓ | AD3: =IF('BMP Pangasinan'!$H$101="n/a","na",IF('BMP Pangasinan'!$H$101="Submitted On-time","✓","x")) -> x | AE3: =IF('BMP Pangasinan'!$H$102="n/a","na",IF('BMP Pangasinan'!$H$102="Submitted On-time","✓","x")) -> x | AF3: =IF('BMP Pangasinan'!$H$103="n/a","na",IF('BMP Pangasinan'!$H$103="Submitted On-time","✓","x")) -> ✓ | AG3: =IF('BMP Pangasinan'!$H$104="n/a","na",IF('BMP Pangasinan'!$H$104="Submitted On-time","✓","x")) -> ✓ | AH3: =IF('BMP Pangasinan'!$H$105="n/a","na",IF('BMP Pangasinan'!$H$105="Submitted On-time","✓","x")) -> ✓ | AI3: =IF('BMP Pangasinan'!$H$106="n/a","na",IF('BMP Pangasinan'!$H$106="Submitted On-time","✓","x")) -> x | AJ3: =IF('BMP Pangasinan'!$H$107="n/a","na",IF('BMP Pangasinan'!$H$107="Submitted On-time","✓","x")) -> x | AK3: =IF('BMP Pangasinan'!$H$108="n/a","na",IF('BMP Pangasinan'!$H$108="Submitted On-time","✓","x")) -> x | AL3: =IF('BMP Pangasinan'!$H$109="n/a","na",IF('BMP Pangasinan'!$H$109="Submitted On-time","✓","x")) -> x | AM3: =IF('BMP Pangasinan'!$H$110="n/a","na",IF('BMP Pangasinan'!$H$110="Submitted On-time","✓","x")) -> x | AN3: =IF('BMP Pangasinan'!$H$111="n/a","na",IF('BMP Pangasinan'!$H$111="Submitted On-time","✓","x")) -> ✓ | AO3: =IF('BMP Pangasinan'!$H$112="n/a","na",IF('BMP Pangasinan'!$H$112="Submitted On-time","✓","x")) -> x | AP3: =IF('BMP Pangasinan'!$H$113="n/a","na",IF('BMP Pangasinan'!$H$113="Submitted On-time","✓","x")) -> x | AQ3: =IF('BMP Pangasinan'!$H$114="n/a","na",IF('BMP Pangasinan'!$H$114="Submitted On-time","✓","x")) -> x | AR3: =IF('BMP Pangasinan'!$H$115="n/a","na",IF('BMP Pangasinan'!$H$115="Submitted On-time","✓","x")) -> x | AS3: =IF('BMP Pangasinan'!$H$116="n/a","na",IF('BMP Pangasinan'!$H$116="Submitted On-time","✓","x")) -> x | AT3: =IF('BMP Pangasinan'!$H$117="n/a","na",IF('BMP Pangasinan'!$H$117="Submitted On-time","✓","x")) -> na | AU3: =IF('BMP Pangasinan'!$H$118="n/a","na",IF('BMP Pangasinan'!$H$118="Submitted On-time","✓","x")) -> na | AV3: =IF('BMP Pangasinan'!$H$119="n/a","na",IF('BMP Pangasinan'!$H$119="Submitted On-time","✓","x")) -> na | AW3: =IF('BMP Pangasinan'!$H$120="n/a","na",IF('BMP Pangasinan'!$H$120="Submitted On-time","✓","x")) -> na | AX3: =IF('BMP Pangasinan'!$H$121="n/a","na",IF('BMP Pangasinan'!$H$121="Submitted On-time","✓","x")) -> x | AZ3: =COUNTIF(D3:AX3,"*")-COUNTIF(D3:AX3,"NA") -> 43 | BA3: =COUNTIF(D3:AX3,"✓") -> 18 | BB3: =IFERROR(BA3/AZ3,0) -> 0.41860465 | BC3: x
B4: North Luzon | C4: BMP Isabela | D4: =IF('BMP Isabela'!$H$74="n/a","na",IF('BMP Isabela'!$H$74="Submitted On-time","✓","x")) -> x | E4: =IF('BMP Isabela'!$H$75="n/a","na",IF('BMP Isabela'!$H$75="Submitted On-time","✓","x")) -> x | F4: =IF('BMP Isabela'!$H$76="n/a","na",IF('BMP Isabela'!$H$76="Submitted On-time","✓","x")) -> x | G4: =IF('BMP Isabela'!$H$77="n/a","na",IF('BMP Isabela'!$H$77="Submitted On-time","✓","x")) -> x | H4: =IF('BMP Isabela'!$H$78="n/a","na",IF('BMP Isabela'!$H$78="Submitted On-time","✓","x")) -> x | I4: =IF('BMP Isabela'!$H$79="n/a","na",IF('BMP Isabela'!$H$79="Submitted On-time","✓","x")) -> x | J4: =IF('BMP Isabela'!$H$80="n/a","na",IF('BMP Isabela'!$H$80="Submitted On-time","✓","x")) -> x | K4: =IF('BMP Isabela'!$H$81="n/a","na",IF('BMP Isabela'!$H$81="Submitted On-time","✓","x")) -> x | L4: =IF('BMP Isabela'!$H$82="n/a","na",IF('BMP Isabela'!$H$82="Submitted On-time","✓","x")) -> x | M4: =IF('BMP Isabela'!$H$83="n/a","na",IF('BMP Isabela'!$H$83="Submitted On-time","✓","x")) -> x | N4: =IF('BMP Isabela'!$H$84="n/a","na",IF('BMP Isabela'!$H$84="Submitted On-time","✓","x")) -> x | O4: =IF('BMP Isabela'!$H$85="n/a","na",IF('BMP Isabela'!$H$85="Submitted On-time","✓","x")) -> x | P4: =IF('BMP Isabela'!$H$86="n/a","na",IF('BMP Isabela'!$H$86="Submitted On-time","✓","x")) -> x | Q4: =IF('BMP Isabela'!$H$87="n/a","na",IF('BMP Isabela'!$H$87="Submitted On-time","✓","x")) -> x | R4: =IF('BMP Isabela'!$H$88="n/a","na",IF('BMP Isabela'!$H$88="Submitted On-time","✓","x")) -> x | S4: =IF('BMP Isabela'!$H$89="n/a","na",IF('BMP Isabela'!$H$89="Submitted On-time","✓","x")) -> x | T4: =IF('BMP Isabela'!$H$90="n/a","na",IF('BMP Isabela'!$H$90="Submitted On-time","✓","x")) -> x | U4: =IF('BMP Isabela'!$H$91="n/a","na",IF('BMP Isabela'!$H$91="Submitted On-time","✓","x")) -> x | V4: =IF('BMP Isabela'!$H$92="n/a","na",IF('BMP Isabela'!$H$92="Submitted On-time","✓","x")) -> x | W4: =IF('BMP Isabela'!$H$93="n/a","na",IF('BMP Isabela'!$H$93="Submitted On-time","✓","x")) -> x | X4: =IF('BMP Isabela'!$H$94="n/a","na",IF('BMP Isabela'!$H$94="Submitted On-time","✓","x")) -> x | Y4: =IF('BMP Isabela'!$H$95="n/a","na",IF('BMP Isabela'!$H$95="Submitted On-time","✓","x")) -> x | Z4: =IF('BMP Isabela'!$H$96="n/a","na",IF('BMP Isabela'!$H$96="Submitted On-time","✓","x")) -> x | AA4: =IF('BMP Isabela'!$H$97="n/a","na",IF('BMP Isabela'!$H$97="Submitted On-time","✓","x")) -> x | AB4: =IF('BMP Isabela'!$H$98="n/a","na",IF('BMP Isabela'!$H$98="Submitted On-time","✓","x")) -> x | AC4: =IF('BMP Isabela'!$H$99="n/a","na",IF('BMP Isabela'!$H$99="Submitted On-time","✓","x")) -> x | AD4: =IF('BMP Isabela'!$H$100="n/a","na",IF('BMP Isabela'!$H$100="Submitted On-time","✓","x")) -> x | AE4: =IF('BMP Isabela'!$H$101="n/a","na",IF('BMP Isabela'!$H$101="Submitted On-time","✓","x")) -> x | AF4: =IF('BMP Isabela'!$H$102="n/a","na",IF('BMP Isabela'!$H$102="Submitted On-time","✓","x")) -> x | AG4: =IF('BMP Isabela'!$H$103="n/a","na",IF('BMP Isabela'!$H$103="Submitted On-time","✓","x")) -> x | AH4: =IF('BMP Isabela'!$H$104="n/a","na",IF('BMP Isabela'!$H$104="Submitted On-time","✓","x")) -> x | AI4: =IF('BMP Isabela'!$H$105="n/a","na",IF('BMP Isabela'!$H$105="Submitted On-time","✓","x")) -> x | AJ4: =IF('BMP Isabela'!$H$106="n/a","na",IF('BMP Isabela'!$H$106="Submitted On-time","✓","x")) -> x | AK4: =IF('BMP Isabela'!$H$107="n/a","na",IF('BMP Isabela'!$H$107="Submitted On-time","✓","x")) -> x | AL4: =IF('BMP Isabela'!$H$108="n/a","na",IF('BMP Isabela'!$H$108="Submitted On-time","✓","x")) -> x | AM4: =IF('BMP Isabela'!$H$109="n/a","na",IF('BMP Isabela'!$H$109="Submitted On-time","✓","x")) -> x | AN4: =IF('BMP Isabela'!$H$110="n/a","na",IF('BMP Isabela'!$H$110="Submitted On-time","✓","x")) -> x | AO4: =IF('BMP Isabela'!$H$111="n/a","na",IF('BMP Isabela'!$H$111="Submitted On-time","✓","x")) -> x | AP4: =IF('BMP Isabela'!$H$112="n/a","na",IF('BMP Isabela'!$H$112="Submitted On-time","✓","x")) -> x | AQ4: =IF('BMP Isabela'!$H$113="n/a","na",IF('BMP Isabela'!$H$113="Submitted On-time","✓","x")) -> x | AR4: =IF('BMP Isabela'!$H$114="n/a","na",IF('BMP Isabela'!$H$114="Submitted On-time","✓","x")) -> x | AS4: =IF('BMP Isabela'!$H$115="n/a","na",IF('BMP Isabela'!$H$115="Submitted On-time","✓","x")) -> x | AT4: =IF('BMP Isabela'!$H$116="n/a","na",IF('BMP Isabela'!$H$116="Submitted On-time","✓","x")) -> x | AU4: =IF('BMP Isabela'!$H$117="n/a","na",IF('BMP Isabela'!$H$117="Submitted On-time","✓","x")) -> x | AV4: =IF('BMP Isabela'!$H$118="n/a","na",IF('BMP Isabela'!$H$118="Submitted On-time","✓","x")) -> x | AW4: =IF('BMP Isabela'!$H$119="n/a","na",IF('BMP Isabela'!$H$119="Submitted On-time","✓","x")) -> x | AX4: =IF('BMP Isabela'!$H$120="n/a","na",IF('BMP Isabela'!$H$120="Submitted On-time","✓","x")) -> x | AZ4: =COUNTIF(D4:AX4,"*")-COUNTIF(D4:AX4,"NA") -> 47 | BA4: =COUNTIF(D4:AX4,"✓") -> 0 | BB4: =IFERROR(BA4/AZ4,0) -> 0 | BC4: x
B5: North Luzon | C5: BMP Bataan 1 | D5: =IF('BMP Bataan 1'!$H$74="n/a","na",IF('BMP Bataan 1'!$H$74="Submitted On-time","✓","x")) -> x | E5: =IF('BMP Bataan 1'!$H$75="n/a","na",IF('BMP Bataan 1'!$H$75="Submitted On-time","✓","x")) -> x | F5: =IF('BMP Bataan 1'!$H$76="n/a","na",IF('BMP Bataan 1'!$H$76="Submitted On-time","✓","x")) -> x | G5: =IF('BMP Bataan 1'!$H$77="n/a","na",IF('BMP Bataan 1'!$H$77="Submitted On-time","✓","x")) -> x | H5: =IF('BMP Bataan 1'!$H$78="n/a","na",IF('BMP Bataan 1'!$H$78="Submitted On-time","✓","x")) -> x | I5: =IF('BMP Bataan 1'!$H$79="n/a","na",IF('BMP Bataan 1'!$H$79="Submitted On-time","✓","x")) -> x | J5: =IF('BMP Bataan 1'!$H$80="n/a","na",IF('BMP Bataan 1'!$H$80="Submitted On-time","✓","x")) -> x | K5: =IF('BMP Bataan 1'!$H$81="n/a","na",IF('BMP Bataan 1'!$H$81="Submitted On-time","✓","x")) -> x | L5: =IF('BMP Bataan 1'!$H$82="n/a","na",IF('BMP Bataan 1'!$H$82="Submitted On-time","✓","x")) -> x | M5: =IF('BMP Bataan 1'!$H$83="n/a","na",IF('BMP Bataan 1'!$H$83="Submitted On-time","✓","x")) -> x | N5: =IF('BMP Bataan 1'!$H$84="n/a","na",IF('BMP Bataan 1'!$H$84="Submitted On-time","✓","x")) -> x | O5: =IF('BMP Bataan 1'!$H$85="n/a","na",IF('BMP Bataan 1'!$H$85="Submitted On-time","✓","x")) -> x | P5: =IF('BMP Bataan 1'!$H$86="n/a","na",IF('BMP Bataan 1'!$H$86="Submitted On-time","✓","x")) -> x | Q5: =IF('BMP Bataan 1'!$H$87="n/a","na",IF('BMP Bataan 1'!$H$87="Submitted On-time","✓","x")) -> x | R5: =IF('BMP Bataan 1'!$H$88="n/a","na",IF('BMP Bataan 1'!$H$88="Submitted On-time","✓","x")) -> x | S5: =IF('BMP Bataan 1'!$H$89="n/a","na",IF('BMP Bataan 1'!$H$89="Submitted On-time","✓","x")) -> x | T5: =IF('BMP Bataan 1'!$H$90="n/a","na",IF('BMP Bataan 1'!$H$90="Submitted On-time","✓","x")) -> x | U5: =IF('BMP Bataan 1'!$H$91="n/a","na",IF('BMP Bataan 1'!$H$91="Submitted On-time","✓","x")) -> x | V5: =IF('BMP Bataan 1'!$H$92="n/a","na",IF('BMP Bataan 1'!$H$92="Submitted On-time","✓","x")) -> x | W5: =IF('BMP Bataan 1'!$H$93="n/a","na",IF('BMP Bataan 1'!$H$93="Submitted On-time","✓","x")) -> x | X5: =IF('BMP Bataan 1'!$H$94="n/a","na",IF('BMP Bataan 1'!$H$94="Submitted On-time","✓","x")) -> x | Y5: =IF('BMP Bataan 1'!$H$95="n/a","na",IF('BMP Bataan 1'!$H$95="Submitted On-time","✓","x")) -> x | Z5: =IF('BMP Bataan 1'!$H$96="n/a","na",IF('BMP Bataan 1'!$H$96="Submitted On-time","✓","x")) -> x | AA5: =IF('BMP Bataan 1'!$H$97="n/a","na",IF('BMP Bataan 1'!$H$97="Submitted On-time","✓","x")) -> x | AB5: =IF('BMP Bataan 1'!$H$98="n/a","na",IF('BMP Bataan 1'!$H$98="Submitted On-time","✓","x")) -> x | AC5: =IF('BMP Bataan 1'!$H$99="n/a","na",IF('BMP Bataan 1'!$H$99="Submitted On-time","✓","x")) -> x | AD5: =IF('BMP Bataan 1'!$H$100="n/a","na",IF('BMP Bataan 1'!$H$100="Submitted On-time","✓","x")) -> x | AE5: =IF('BMP Bataan 1'!$H$101="n/a","na",IF('BMP Bataan 1'!$H$101="Submitted On-time","✓","x")) -> x | AF5: =IF('BMP Bataan 1'!$H$102="n/a","na",IF('BMP Bataan 1'!$H$102="Submitted On-time","✓","x")) -> x | AG5: =IF('BMP Bataan 1'!$H$103="n/a","na",IF('BMP Bataan 1'!$H$103="Submitted On-time","✓","x")) -> x | AH5: =IF('BMP Bataan 1'!$H$104="n/a","na",IF('BMP Bataan 1'!$H$104="Submitted On-time","✓","x")) -> x | AI5: =IF('BMP Bataan 1'!$H$105="n/a","na",IF('BMP Bataan 1'!$H$105="Submitted On-time","✓","x")) -> x | AJ5: =IF('BMP Bataan 1'!$H$106="n/a","na",IF('BMP Bataan 1'!$H$106="Submitted On-time","✓","x")) -> x | AK5: =IF('BMP Bataan 1'!$H$107="n/a","na",IF('BMP Bataan 1'!$H$107="Submitted On-time","✓","x")) -> x | AL5: =IF('BMP Bataan 1'!$H$108="n/a","na",IF('BMP Bataan 1'!$H$108="Submitted On-time","✓","x")) -> x | AM5: =IF('BMP Bataan 1'!$H$109="n/a","na",IF('BMP Bataan 1'!$H$109="Submitted On-time","✓","x")) -> x | AN5: =IF('BMP Bataan 1'!$H$110="n/a","na",IF('BMP Bataan 1'!$H$110="Submitted On-time","✓","x")) -> na | AO5: =IF('BMP Bataan 1'!$H$111="n/a","na",IF('BMP Bataan 1'!$H$111="Submitted On-time","✓","x")) -> na | AP5: =IF('BMP Bataan 1'!$H$112="n/a","na",IF('BMP Bataan 1'!$H$112="Submitted On-time","✓","x")) -> na | AQ5: =IF('BMP Bataan 1'!$H$113="n/a","na",IF('BMP Bataan 1'!$H$113="Submitted On-time","✓","x")) -> na | AR5: =IF('BMP Bataan 1'!$H$114="n/a","na",IF('BMP Bataan 1'!$H$114="Submitted On-time","✓","x")) -> x | AS5: =IF('BMP Bataan 1'!$H$115="n/a","na",IF('BMP Bataan 1'!$H$115="Submitted On-time","✓","x")) -> x | AT5: =IF('BMP Bataan 1'!$H$116="n/a","na",IF('BMP Bataan 1'!$H$116="Submitted On-time","✓","x")) -> na | AU5: =IF('BMP Bataan 1'!$H$117="n/a","na",IF('BMP Bataan 1'!$H$117="Submitted On-time","✓","x")) -> na | AV5: =IF('BMP Bataan 1'!$H$118="n/a","na",IF('BMP Bataan 1'!$H$118="Submitted On-time","✓","x")) -> na | AW5: =IF('BMP Bataan 1'!$H$119="n/a","na",IF('BMP Bataan 1'!$H$119="Submitted On-time","✓","x")) -> na | AX5: =IF('BMP Bataan 1'!$H$120="n/a","na",IF('BMP Bataan 1'!$H$120="Submitted On-time","✓","x")) -> x | AZ5: =COUNTIF(D5:AX5,"*")-COUNTIF(D5:AX5,"NA") -> 39 | BA5: =COUNTIF(D5:AX5,"✓") -> 0 | BB5: =IFERROR(BA5/AZ5,0) -> 0 | BC5: x
B6: North Luzon | C6: BMP Bataan 2 | D6: =IF('BMP Bataan 2'!$H$74="n/a","na",IF('BMP Bataan 2'!$H$74="Submitted On-time","✓","x")) -> ✓ | E6: =IF('BMP Bataan 2'!$H$75="n/a","na",IF('BMP Bataan 2'!$H$75="Submitted On-time","✓","x")) -> x | F6: =IF('BMP Bataan 2'!$H$76="n/a","na",IF('BMP Bataan 2'!$H$76="Submitted On-time","✓","x")) -> ✓ | G6: =IF('BMP Bataan 2'!$H$77="n/a","na",IF('BMP Bataan 2'!$H$77="Submitted On-time","✓","x")) -> ✓ | H6: =IF('BMP Bataan 2'!$H$78="n/a","na",IF('BMP Bataan 2'!$H$78="Submitted On-time","✓","x")) -> ✓ | I6: =IF('BMP Bataan 2'!$H$79="n/a","na",IF('BMP Bataan 2'!$H$79="Submitted On-time","✓","x")) -> ✓ | J6: =IF('BMP Bataan 2'!$H$80="n/a","na",IF('BMP Bataan 2'!$H$80="Submitted On-time","✓","x")) -> ✓ | K6: =IF('BMP Bataan 2'!$H$81="n/a","na",IF('BMP Bataan 2'!$H$81="Submitted On-time","✓","x")) -> x | L6: =IF('BMP Bataan 2'!$H$82="n/a","na",IF('BMP Bataan 2'!$H$82="Submitted On-time","✓","x")) -> x | M6: =IF('BMP Bataan 2'!$H$83="n/a","na",IF('BMP Bataan 2'!$H$83="Submitted On-time","✓","x")) -> x | N6: =IF('BMP Bataan 2'!$H$84="n/a","na",IF('BMP Bataan 2'!$H$84="Submitted On-time","✓","x")) -> ✓ | O6: =IF('BMP Bataan 2'!$H$85="n/a","na",IF('BMP Bataan 2'!$H$85="Submitted On-time","✓","x")) -> x | P6: =IF('BMP Bataan 2'!$H$86="n/a","na",IF('BMP Bataan 2'!$H$86="Submitted On-time","✓","x")) -> x | Q6: =IF('BMP Bataan 2'!$H$87="n/a","na",IF('BMP Bataan 2'!$H$87="Submitted On-time","✓","x")) -> x | R6: =IF('BMP Bataan 2'!$H$88="n/a","na",IF('BMP Bataan 2'!$H$88="Submitted On-time","✓","x")) -> x | S6: =IF('BMP Bataan 2'!$H$89="n/a","na",IF('BMP Bataan 2'!$H$89="Submitted On-time","✓","x")) -> x | T6: =IF('BMP Bataan 2'!$H$90="n/a","na",IF('BMP Bataan 2'!$H$90="Submitted On-time","✓","x")) -> x | U6: =IF('BMP Bataan 2'!$H$91="n/a","na",IF('BMP Bataan 2'!$H$91="Submitted On-time","✓","x")) -> x | V6: =IF('BMP Bataan 2'!$H$92="n/a","na",IF('BMP Bataan 2'!$H$92="Submitted On-time","✓","x")) -> x | W6: =IF('BMP Bataan 2'!$H$93="n/a","na",IF('BMP Bataan 2'!$H$93="Submitted On-time","✓","x")) -> ✓ | X6: =IF('BMP Bataan 2'!$H$94="n/a","na",IF('BMP Bataan 2'!$H$94="Submitted On-time","✓","x")) -> x | Y6: =IF('BMP Bataan 2'!$H$95="n/a","na",IF('BMP Bataan 2'!$H$95="Submitted On-time","✓","x")) -> x | Z6: =IF('BMP Bataan 2'!$H$96="n/a","na",IF('BMP Bataan 2'!$H$96="Submitted On-time","✓","x")) -> x | AA6: =IF('BMP Bataan 2'!$H$97="n/a","na",IF('BMP Bataan 2'!$H$97="Submitted On-time","✓","x")) -> x | AB6: =IF('BMP Bataan 2'!$H$98="n/a","na",IF('BMP Bataan 2'!$H$98="Submitted On-time","✓","x")) -> ✓ | AC6: =IF('BMP Bataan 2'!$H$99="n/a","na",IF('BMP Bataan 2'!$H$99="Submitted On-time","✓","x")) -> ✓ | AD6: =IF('BMP Bataan 2'!$H$100="n/a","na",IF('BMP Bataan 2'!$H$100="Submitted On-time","✓","x")) -> ✓ | AE6: =IF('BMP Bataan 2'!$H$101="n/a","na",IF('BMP Bataan 2'!$H$101="Submitted On-time","✓","x")) -> ✓ | AF6: =IF('BMP Bataan 2'!$H$102="n/a","na",IF('BMP Bataan 2'!$H$102="Submitted On-time","✓","x")) -> ✓ | AG6: =IF('BMP Bataan 2'!$H$103="n/a","na",IF('BMP Bataan 2'!$H$103="Submitted On-time","✓","x")) -> ✓ | AH6: =IF('BMP Bataan 2'!$H$104="n/a","na",IF('BMP Bataan 2'!$H$104="Submitted On-time","✓","x")) -> x | AI6: =IF('BMP Bataan 2'!$H$105="n/a","na",IF('BMP Bataan 2'!$H$105="Submitted On-time","✓","x")) -> x | AJ6: =IF('BMP Bataan 2'!$H$106="n/a","na",IF('BMP Bataan 2'!$H$106="Submitted On-time","✓","x")) -> x | AK6: =IF('BMP Bataan 2'!$H$107="n/a","na",IF('BMP Bataan 2'!$H$107="Submitted On-time","✓","x")) -> x | AL6: =IF('BMP Bataan 2'!$H$108="n/a","na",IF('BMP Bataan 2'!$H$108="Submitted On-time","✓","x")) -> x | AM6: =IF('BMP Bataan 2'!$H$109="n/a","na",IF('BMP Bataan 2'!$H$109="Submitted On-time","✓","x")) -> x | AN6: =IF('BMP Bataan 2'!$H$110="n/a","na",IF('BMP Bataan 2'!$H$110="Submitted On-time","✓","x")) -> x | AO6: =IF('BMP Bataan 2'!$H$111="n/a","na",IF('BMP Bataan 2'!$H$111="Submitted On-time","✓","x")) -> x | AP6: =IF('BMP Bataan 2'!$H$112="n/a","na",IF('BMP Bataan 2'!$H$112="Submitted On-time","✓","x")) -> x | AQ6: =IF('BMP Bataan 2'!$H$113="n/a","na",IF('BMP Bataan 2'!$H$113="Submitted On-time","✓","x")) -> x | AR6: =IF('BMP Bataan 2'!$H$114="n/a","na",IF('BMP Bataan 2'!$H$114="Submitted On-time","✓","x")) -> x | AS6: =IF('BMP Bataan 2'!$H$115="n/a","na",IF('BMP Bataan 2'!$H$115="Submitted On-time","✓","x")) -> x | AT6: =IF('BMP Bataan 2'!$H$116="n/a","na",IF('BMP Bataan 2'!$H$116="Submitted On-time","✓","x")) -> ✓ | AU6: =IF('BMP Bataan 2'!$H$117="n/a","na",IF('BMP Bataan 2'!$H$117="Submitted On-time","✓","x")) -> x | AV6: =IF('BMP Bataan 2'!$H$118="n/a","na",IF('BMP Bataan 2'!$H$118="Submitted On-time","✓","x")) -> x | AW6: =IF('BMP Bataan 2'!$H$119="n/a","na",IF('BMP Bataan 2'!$H$119="Submitted On-time","✓","x")) -> x | AX6: =IF('BMP Bataan 2'!$H$120="n/a","na",IF('BMP Bataan 2'!$H$120="Submitted On-time","✓","x")) -> x | AZ6: =COUNTIF(D6:AX6,"*")-COUNTIF(D6:AX6,"NA") -> 47 | BA6: =COUNTIF(D6:AX6,"✓") -> 15 | BB6: =IFERROR(BA6/AZ6,0) -> 0.31914894 | BC6: x
B7: North Luzon | C7: BMP Bulacan | D7: =IF('BMP Bulacan'!$H$74="n/a","na",IF('BMP Bulacan'!$H$74="Submitted On-time","✓","x")) -> ✓ | E7: =IF('BMP Bulacan'!$H$75="n/a","na",IF('BMP Bulacan'!$H$75="Submitted On-time","✓","x")) -> ✓ | F7: =IF('BMP Bulacan'!$H$76="n/a","na",IF('BMP Bulacan'!$H$76="Submitted On-time","✓","x")) -> ✓ | G7: =IF('BMP Bulacan'!$H$77="n/a","na",IF('BMP Bulacan'!$H$77="Submitted On-time","✓","x")) -> x | H7: =IF('BMP Bulacan'!$H$78="n/a","na",IF('BMP Bulacan'!$H$78="Submitted On-time","✓","x")) -> x | I7: =IF('BMP Bulacan'!$H$79="n/a","na",IF('BMP Bulacan'!$H$79="Submitted On-time","✓","x")) -> x | J7: =IF('BMP Bulacan'!$H$80="n/a","na",IF('BMP Bulacan'!$H$80="Submitted On-time","✓","x")) -> ✓ | K7: =IF('BMP Bulacan'!$H$81="n/a","na",IF('BMP Bulacan'!$H$81="Submitted On-time","✓","x")) -> x | L7: =IF('BMP Bulacan'!$H$82="n/a","na",IF('BMP Bulacan'!$H$82="Submitted On-time","✓","x")) -> x | M7: =IF('BMP Bulacan'!$H$83="n/a","na",IF('BMP Bulacan'!$H$83="Submitted On-time","✓","x")) -> x | N7: =IF('BMP Bulacan'!$H$84="n/a","na",IF('BMP Bulacan'!$H$84="Submitted On-time","✓","x")) -> x | O7: =IF('BMP Bulacan'!$H$85="n/a","na",IF('BMP Bulacan'!$H$85="Submitted On-time","✓","x")) -> x | P7: =IF('BMP Bulacan'!$H$86="n/a","na",IF('BMP Bulacan'!$H$86="Submitted On-time","✓","x")) -> x | Q7: =IF('BMP Bulacan'!$H$87="n/a","na",IF('BMP Bulacan'!$H$87="Submitted On-time","✓","x")) -> x | R7: =IF('BMP Bulacan'!$H$88="n/a","na",IF('BMP Bulacan'!$H$88="Submitted On-time","✓","x")) -> x | S7: =IF('BMP Bulacan'!$H$89="n/a","na",IF('BMP Bulacan'!$H$89="Submitted On-time","✓","x")) -> x | T7: =IF('BMP Bulacan'!$H$90="n/a","na",IF('BMP Bulacan'!$H$90="Submitted On-time","✓","x")) -> x | U7: =IF('BMP Bulacan'!$H$91="n/a","na",IF('BMP Bulacan'!$H$91="Submitted On-time","✓","x")) -> x | V7: =IF('BMP Bulacan'!$H$92="n/a","na",IF('BMP Bulacan'!$H$92="Submitted On-time","✓","x")) -> x | W7: =IF('BMP Bulacan'!$H$93="n/a","na",IF('BMP Bulacan'!$H$93="Submitted On-time","✓","x")) -> x | X7: =IF('BMP Bulacan'!$H$94="n/a","na",IF('BMP Bulacan'!$H$94="Submitted On-time","✓","x")) -> x | Y7: =IF('BMP Bulacan'!$H$95="n/a","na",IF('BMP Bulacan'!$H$95="Submitted On-time","✓","x")) -> x | Z7: =IF('BMP Bulacan'!$H$96="n/a","na",IF('BMP Bulacan'!$H$96="Submitted On-time","✓","x")) -> x | AA7: =IF('BMP Bulacan'!$H$97="n/a","na",IF('BMP Bulacan'!$H$97="Submitted On-time","✓","x")) -> x | AB7: =IF('BMP Bulacan'!$H$98="n/a","na",IF('BMP Bulacan'!$H$98="Submitted On-time","✓","x")) -> x | AC7: =IF('BMP Bulacan'!$H$99="n/a","na",IF('BMP Bulacan'!$H$99="Submitted On-time","✓","x")) -> x | AD7: =IF('BMP Bulacan'!$H$100="n/a","na",IF('BMP Bulacan'!$H$100="Submitted On-time","✓","x")) -> x | AE7: =IF('BMP Bulacan'!$H$101="n/a","na",IF('BMP Bulacan'!$H$101="Submitted On-time","✓","x")) -> x | AF7: =IF('BMP Bulacan'!$H$102="n/a","na",IF('BMP Bulacan'!$H$102="Submitted On-time","✓","x")) -> x | AG7: =IF('BMP Bulacan'!$H$103="n/a","na",IF('BMP Bulacan'!$H$103="Submitted On-time","✓","x")) -> x | AH7: =IF('BMP Bulacan'!$H$104="n/a","na",IF('BMP Bulacan'!$H$104="Submitted On-time","✓","x")) -> x | AI7: =IF('BMP Bulacan'!$H$105="n/a","na",IF('BMP Bulacan'!$H$105="Submitted On-time","✓","x")) -> x | AJ7: =IF('BMP Bulacan'!$H$106="n/a","na",IF('BMP Bulacan'!$H$106="Submitted On-time","✓","x")) -> x | AK7: =IF('BMP Bulacan'!$H$107="n/a","na",IF('BMP Bulacan'!$H$107="Submitted On-time","✓","x")) -> x | AL7: =IF('BMP Bulacan'!$H$108="n/a","na",IF('BMP Bulacan'!$H$108="Submitted On-time","✓","x")) -> x | AM7: =IF('BMP Bulacan'!$H$109="n/a","na",IF('BMP Bulacan'!$H$109="Submitted On-time","✓","x")) -> x | AN7: =IF('BMP Bulacan'!$H$110="n/a","na",IF('BMP Bulacan'!$H$110="Submitted On-time","✓","x")) -> x | AO7: =IF('BMP Bulacan'!$H$111="n/a","na",IF('BMP Bulacan'!$H$111="Submitted On-time","✓","x")) -> x | AP7: =IF('BMP Bulacan'!$H$112="n/a","na",IF('BMP Bulacan'!$H$112="Submitted On-time","✓","x")) -> x | AQ7: =IF('BMP Bulacan'!$H$113="n/a","na",IF('BMP Bulacan'!$H$113="Submitted On-time","✓","x")) -> x | AR7: =IF('BMP Bulacan'!$H$114="n/a","na",IF('BMP Bulacan'!$H$114="Submitted On-time","✓","x")) -> x | AS7: =IF('BMP Bulacan'!$H$115="n/a","na",IF('BMP Bulacan'!$H$115="Submitted On-time","✓","x")) -> x | AT7: =IF('BMP Bulacan'!$H$116="n/a","na",IF('BMP Bulacan'!$H$116="Submitted On-time","✓","x")) -> x | AU7: =IF('BMP Bulacan'!$H$117="n/a","na",IF('BMP Bulacan'!$H$117="Submitted On-time","✓","x")) -> x | AV7: =IF('BMP Bulacan'!$H$118="n/a","na",IF('BMP Bulacan'!$H$118="Submitted On-time","✓","x")) -> x | AW7: =IF('BMP Bulacan'!$H$119="n/a","na",IF('BMP Bulacan'!$H$119="Submitted On-time","✓","x")) -> x | AX7: =IF('BMP Bulacan'!$H$120="n/a","na",IF('BMP Bulacan'!$H$120="Submitted On-time","✓","x")) -> ✓ | AZ7: =COUNTIF(D7:AX7,"*")-COUNTIF(D7:AX7,"NA") -> 47 | BA7: =COUNTIF(D7:AX7,"✓") -> 5 | BB7: =IFERROR(BA7/AZ7,0) -> 0.10638298 | BC7: x
B8: North Luzon | C8: BMP Tarlac | D8: =IF('BMP Tarlac'!$H$74="n/a","na",IF('BMP Tarlac'!$H$74="Submitted On-time","✓","x")) -> x | E8: =IF('BMP Tarlac'!$H$75="n/a","na",IF('BMP Tarlac'!$H$75="Submitted On-time","✓","x")) -> x | F8: =IF('BMP Tarlac'!$H$76="n/a","na",IF('BMP Tarlac'!$H$76="Submitted On-time","✓","x")) -> x | G8: =IF('BMP Tarlac'!$H$77="n/a","na",IF('BMP Tarlac'!$H$77="Submitted On-time","✓","x")) -> x | H8: =IF('BMP Tarlac'!$H$78="n/a","na",IF('BMP Tarlac'!$H$78="Submitted On-time","✓","x")) -> x | I8: =IF('BMP Tarlac'!$H$79="n/a","na",IF('BMP Tarlac'!$H$79="Submitted On-time","✓","x")) -> x | J8: =IF('BMP Tarlac'!$H$80="n/a","na",IF('BMP Tarlac'!$H$80="Submitted On-time","✓","x")) -> x | K8: =IF('BMP Tarlac'!$H$81="n/a","na",IF('BMP Tarlac'!$H$81="Submitted On-time","✓","x")) -> x | L8: =IF('BMP Tarlac'!$H$82="n/a","na",IF('BMP Tarlac'!$H$82="Submitted On-time","✓","x")) -> x | M8: =IF('BMP Tarlac'!$H$83="n/a","na",IF('BMP Tarlac'!$H$83="Submitted On-time","✓","x")) -> x | N8: =IF('BMP Tarlac'!$H$84="n/a","na",IF('BMP Tarlac'!$H$84="Submitted On-time","✓","x")) -> x | O8: =IF('BMP Tarlac'!$H$85="n/a","na",IF('BMP Tarlac'!$H$85="Submitted On-time","✓","x")) -> x | P8: =IF('BMP Tarlac'!$H$86="n/a","na",IF('BMP Tarlac'!$H$86="Submitted On-time","✓","x")) -> x | Q8: =IF('BMP Tarlac'!$H$87="n/a","na",IF('BMP Tarlac'!$H$87="Submitted On-time","✓","x")) -> x | R8: =IF('BMP Tarlac'!$H$88="n/a","na",IF('BMP Tarlac'!$H$88="Submitted On-time","✓","x")) -> x | S8: =IF('BMP Tarlac'!$H$89="n/a","na",IF('BMP Tarlac'!$H$89="Submitted On-time","✓","x")) -> x | T8: =IF('BMP Tarlac'!$H$90="n/a","na",IF('BMP Tarlac'!$H$90="Submitted On-time","✓","x")) -> x | U8: =IF('BMP Tarlac'!$H$91="n/a","na",IF('BMP Tarlac'!$H$91="Submitted On-time","✓","x")) -> x | V8: =IF('BMP Tarlac'!$H$92="n/a","na",IF('BMP Tarlac'!$H$92="Submitted On-time","✓","x")) -> x | W8: =IF('BMP Tarlac'!$H$93="n/a","na",IF('BMP Tarlac'!$H$93="Submitted On-time","✓","x")) -> x | X8: =IF('BMP Tarlac'!$H$94="n/a","na",IF('BMP Tarlac'!$H$94="Submitted On-time","✓","x")) -> x | Y8: =IF('BMP Tarlac'!$H$95="n/a","na",IF('BMP Tarlac'!$H$95="Submitted On-time","✓","x")) -> x | Z8: =IF('BMP Tarlac'!$H$96="n/a","na",IF('BMP Tarlac'!$H$96="Submitted On-time","✓","x")) -> x | AA8: =IF('BMP Tarlac'!$H$97="n/a","na",IF('BMP Tarlac'!$H$97="Submitted On-time","✓","x")) -> x | AB8: =IF('BMP Tarlac'!$H$98="n/a","na",IF('BMP Tarlac'!$H$98="Submitted On-time","✓","x")) -> x | AC8: =IF('BMP Tarlac'!$H$99="n/a","na",IF('BMP Tarlac'!$H$99="Submitted On-time","✓","x")) -> x | AD8: =IF('BMP Tarlac'!$H$100="n/a","na",IF('BMP Tarlac'!$H$100="Submitted On-time","✓","x")) -> x | AE8: =IF('BMP Tarlac'!$H$101="n/a","na",IF('BMP Tarlac'!$H$101="Submitted On-time","✓","x")) -> x | AF8: =IF('BMP Tarlac'!$H$102="n/a","na",IF('BMP Tarlac'!$H$102="Submitted On-time","✓","x")) -> x | AG8: =IF('BMP Tarlac'!$H$103="n/a","na",IF('BMP Tarlac'!$H$103="Submitted On-time","✓","x")) -> x | AH8: =IF('BMP Tarlac'!$H$104="n/a","na",IF('BMP Tarlac'!$H$104="Submitted On-time","✓","x")) -> x | AI8: =IF('BMP Tarlac'!$H$105="n/a","na",IF('BMP Tarlac'!$H$105="Submitted On-time","✓","x")) -> x | AJ8: =IF('BMP Tarlac'!$H$106="n/a","na",IF('BMP Tarlac'!$H$106="Submitted On-time","✓","x")) -> x | AK8: =IF('BMP Tarlac'!$H$107="n/a","na",IF('BMP Tarlac'!$H$107="Submitted On-time","✓","x")) -> x | AL8: =IF('BMP Tarlac'!$H$108="n/a","na",IF('BMP Tarlac'!$H$108="Submitted On-time","✓","x")) -> x | AM8: =IF('BMP Tarlac'!$H$109="n/a","na",IF('BMP Tarlac'!$H$109="Submitted On-time","✓","x")) -> x | AN8: =IF('BMP Tarlac'!$H$110="n/a","na",IF('BMP Tarlac'!$H$110="Submitted On-time","✓","x")) -> x | AO8: =IF('BMP Tarlac'!$H$111="n/a","na",IF('BMP Tarlac'!$H$111="Submitted On-time","✓","x")) -> x | AP8: =IF('BMP Tarlac'!$H$112="n/a","na",IF('BMP Tarlac'!$H$112="Submitted On-time","✓","x")) -> x | AQ8: =IF('BMP Tarlac'!$H$113="n/a","na",IF('BMP Tarlac'!$H$113="Submitted On-time","✓","x")) -> x | AR8: =IF('BMP Tarlac'!$H$114="n/a","na",IF('BMP Tarlac'!$H$114="Submitted On-time","✓","x")) -> x | AS8: =IF('BMP Tarlac'!$H$115="n/a","na",IF('BMP Tarlac'!$H$115="Submitted On-time","✓","x")) -> x | AT8: =IF('BMP Tarlac'!$H$116="n/a","na",IF('BMP Tarlac'!$H$116="Submitted On-time","✓","x")) -> x | AU8: =IF('BMP Tarlac'!$H$117="n/a","na",IF('BMP Tarlac'!$H$117="Submitted On-time","✓","x")) -> x | AV8: =IF('BMP Tarlac'!$H$118="n/a","na",IF('BMP Tarlac'!$H$118="Submitted On-time","✓","x")) -> x | AW8: =IF('BMP Tarlac'!$H$119="n/a","na",IF('BMP Tarlac'!$H$119="Submitted On-time","✓","x")) -> x | AX8: =IF('BMP Tarlac'!$H$120="n/a","na",IF('BMP Tarlac'!$H$120="Submitted On-time","✓","x")) -> x | AZ8: =COUNTIF(D8:AX8,"*")-COUNTIF(D8:AX8,"NA") -> 47 | BA8: =COUNTIF(D8:AX8,"✓") -> 0 | BB8: =IFERROR(BA8/AZ8,0) -> 0 | BC8: x
B9: North Luzon | C9: MPF Bataan | D9: =IF('MPF Bataan'!$H$74="n/a","na",IF('MPF Bataan'!$H$74="Submitted On-time","✓","x")) -> ✓ | E9: =IF('MPF Bataan'!$H$75="n/a","na",IF('MPF Bataan'!$H$75="Submitted On-time","✓","x")) -> ✓ | F9: =IF('MPF Bataan'!$H$76="n/a","na",IF('MPF Bataan'!$H$76="Submitted On-time","✓","x")) -> ✓ | G9: =IF('MPF Bataan'!$H$77="n/a","na",IF('MPF Bataan'!$H$77="Submitted On-time","✓","x")) -> ✓ | H9: =IF('MPF Bataan'!$H$78="n/a","na",IF('MPF Bataan'!$H$78="Submitted On-time","✓","x")) -> ✓ | I9: =IF('MPF Bataan'!$H$79="n/a","na",IF('MPF Bataan'!$H$79="Submitted On-time","✓","x")) -> ✓ | J9: =IF('MPF Bataan'!$H$80="n/a","na",IF('MPF Bataan'!$H$80="Submitted On-time","✓","x")) -> ✓ | K9: =IF('MPF Bataan'!$H$81="n/a","na",IF('MPF Bataan'!$H$81="Submitted On-time","✓","x")) -> x | L9: =IF('MPF Bataan'!$H$82="n/a","na",IF('MPF Bataan'!$H$82="Submitted On-time","✓","x")) -> ✓ | M9: =IF('MPF Bataan'!$H$83="n/a","na",IF('MPF Bataan'!$H$83="Submitted On-time","✓","x")) -> x | N9: =IF('MPF Bataan'!$H$84="n/a","na",IF('MPF Bataan'!$H$84="Submitted On-time","✓","x")) -> ✓ | O9: =IF('MPF Bataan'!$H$85="n/a","na",IF('MPF Bataan'!$H$85="Submitted On-time","✓","x")) -> x | P9: =IF('MPF Bataan'!$H$86="n/a","na",IF('MPF Bataan'!$H$86="Submitted On-time","✓","x")) -> x | Q9: =IF('MPF Bataan'!$H$87="n/a","na",IF('MPF Bataan'!$H$87="Submitted On-time","✓","x")) -> x | R9: =IF('MPF Bataan'!$H$88="n/a","na",IF('MPF Bataan'!$H$88="Submitted On-time","✓","x")) -> x | S9: =IF('MPF Bataan'!$H$89="n/a","na",IF('MPF Bataan'!$H$89="Submitted On-time","✓","x")) -> x | T9: =IF('MPF Bataan'!$H$90="n/a","na",IF('MPF Bataan'!$H$90="Submitted On-time","✓","x")) -> ✓ | U9: =IF('MPF Bataan'!$H$91="n/a","na",IF('MPF Bataan'!$H$91="Submitted On-time","✓","x")) -> x | V9: =IF('MPF Bataan'!$H$92="n/a","na",IF('MPF Bataan'!$H$92="Submitted On-time","✓","x")) -> x | W9: =IF('MPF Bataan'!$H$93="n/a","na",IF('MPF Bataan'!$H$93="Submitted On-time","✓","x")) -> x | X9: =IF('MPF Bataan'!$H$94="n/a","na",IF('MPF Bataan'!$H$94="Submitted On-time","✓","x")) -> x | Y9: =IF('MPF Bataan'!$H$95="n/a","na",IF('MPF Bataan'!$H$95="Submitted On-time","✓","x")) -> x | Z9: =IF('MPF Bataan'!$H$96="n/a","na",IF('MPF Bataan'!$H$96="Submitted On-time","✓","x")) -> na | AA9: =IF('MPF Bataan'!$H$97="n/a","na",IF('MPF Bataan'!$H$97="Submitted On-time","✓","x")) -> na | AB9: =IF('MPF Bataan'!$H$98="n/a","na",IF('MPF Bataan'!$H$98="Submitted On-time","✓","x")) -> na | AC9: =IF('MPF Bataan'!$H$99="n/a","na",IF('MPF Bataan'!$H$99="Submitted On-time","✓","x")) -> na | AD9: =IF('MPF Bataan'!$H$100="n/a","na",IF('MPF Bataan'!$H$100="Submitted On-time","✓","x")) -> na | AE9: =IF('MPF Bataan'!$H$101="n/a","na",IF('MPF Bataan'!$H$101="Submitted On-time","✓","x")) -> na | AF9: =IF('MPF Bataan'!$H$102="n/a","na",IF('MPF Bataan'!$H$102="Submitted On-time","✓","x")) -> na | AG9: =IF('MPF Bataan'!$H$103="n/a","na",IF('MPF Bataan'!$H$103="Submitted On-time","✓","x")) -> na | AH9: =IF('MPF Bataan'!$H$104="n/a","na",IF('MPF Bataan'!$H$104="Submitted On-time","✓","x")) -> na | AI9: =IF('MPF Bataan'!$H$105="n/a","na",IF('MPF Bataan'!$H$105="Submitted On-time","✓","x")) -> na | AJ9: =IF('MPF Bataan'!$H$106="n/a","na",IF('MPF Bataan'!$H$106="Submitted On-time","✓","x")) -> na | AK9: =IF('MPF Bataan'!$H$107="n/a","na",IF('MPF Bataan'!$H$107="Submitted On-time","✓","x")) -> na | AL9: =IF('MPF Bataan'!$H$108="n/a","na",IF('MPF Bataan'!$H$108="Submitted On-time","✓","x")) -> na | AM9: =IF('MPF Bataan'!$H$109="n/a","na",IF('MPF Bataan'!$H$109="Submitted On-time","✓","x")) -> na | AN9: =IF('MPF Bataan'!$H$110="n/a","na",IF('MPF Bataan'!$H$110="Submitted On-time","✓","x")) -> x | AO9: =IF('MPF Bataan'!$H$111="n/a","na",IF('MPF Bataan'!$H$111="Submitted On-time","✓","x")) -> x | AP9: =IF('MPF Bataan'!$H$112="n/a","na",IF('MPF Bataan'!$H$112="Submitted On-time","✓","x")) -> x | AQ9: =IF('MPF Bataan'!$H$113="n/a","na",IF('MPF Bataan'!$H$113="Submitted On-time","✓","x")) -> x | AR9: =IF('MPF Bataan'!$H$114="n/a","na",IF('MPF Bataan'!$H$114="Submitted On-time","✓","x")) -> ✓ | AS9: =IF('MPF Bataan'!$H$115="n/a","na",IF('MPF Bataan'!$H$115="Submitted On-time","✓","x")) -> ✓ | AT9: =IF('MPF Bataan'!$H$116="n/a","na",IF('MPF Bataan'!$H$116="Submitted On-time","✓","x")) -> na | AU9: =IF('MPF Bataan'!$H$117="n/a","na",IF('MPF Bataan'!$H$117="Submitted On-time","✓","x")) -> na | AV9: =IF('MPF Bataan'!$H$118="n/a","na",IF('MPF Bataan'!$H$118="Submitted On-time","✓","x")) -> na | AW9: =IF('MPF Bataan'!$H$119="n/a","na",IF('MPF Bataan'!$H$119="Submitted On-time","✓","x")) -> na | AX9: =IF('MPF Bataan'!$H$120="n/a","na",IF('MPF Bataan'!$H$120="Submitted On-time","✓","x")) -> x | AZ9: =COUNTIF(D9:AX9,"*")-COUNTIF(D9:AX9,"NA") -> 29 | BA9: =COUNTIF(D9:AX9,"✓") -> 12 | BB9: =IFERROR(BA9/AZ9,0) -> 0.4137931 | BC9: x
B10: North Luzon | C10: MPH Bataan | D10: =IF('MPH Bataan'!$H$74="n/a","na",IF('MPH Bataan'!$H$74="Submitted On-time","✓","x")) -> ✓ | E10: =IF('MPH Bataan'!$H$75="n/a","na",IF('MPH Bataan'!$H$75="Submitted On-time","✓","x")) -> ✓ | F10: =IF('MPH Bataan'!$H$76="n/a","na",IF('MPH Bataan'!$H$76="Submitted On-time","✓","x")) -> ✓ | G10: =IF('MPH Bataan'!$H$77="n/a","na",IF('MPH Bataan'!$H$77="Submitted On-time","✓","x")) -> ✓ | H10: =IF('MPH Bataan'!$H$78="n/a","na",IF('MPH Bataan'!$H$78="Submitted On-time","✓","x")) -> ✓ | I10: =IF('MPH Bataan'!$H$79="n/a","na",IF('MPH Bataan'!$H$79="Submitted On-time","✓","x")) -> ✓ | J10: =IF('MPH Bataan'!$H$80="n/a","na",IF('MPH Bataan'!$H$80="Submitted On-time","✓","x")) -> ✓ | K10: =IF('MPH Bataan'!$H$81="n/a","na",IF('MPH Bataan'!$H$81="Submitted On-time","✓","x")) -> x | L10: =IF('MPH Bataan'!$H$82="n/a","na",IF('MPH Bataan'!$H$82="Submitted On-time","✓","x")) -> ✓ | M10: =IF('MPH Bataan'!$H$83="n/a","na",IF('MPH Bataan'!$H$83="Submitted On-time","✓","x")) -> x | N10: =IF('MPH Bataan'!$H$84="n/a","na",IF('MPH Bataan'!$H$84="Submitted On-time","✓","x")) -> ✓ | O10: =IF('MPH Bataan'!$H$85="n/a","na",IF('MPH Bataan'!$H$85="Submitted On-time","✓","x")) -> x | P10: =IF('MPH Bataan'!$H$86="n/a","na",IF('MPH Bataan'!$H$86="Submitted On-time","✓","x")) -> x | Q10: =IF('MPH Bataan'!$H$87="n/a","na",IF('MPH Bataan'!$H$87="Submitted On-time","✓","x")) -> x | R10: =IF('MPH Bataan'!$H$88="n/a","na",IF('MPH Bataan'!$H$88="Submitted On-time","✓","x")) -> x | S10: =IF('MPH Bataan'!$H$89="n/a","na",IF('MPH Bataan'!$H$89="Submitted On-time","✓","x")) -> x | T10: =IF('MPH Bataan'!$H$90="n/a","na",IF('MPH Bataan'!$H$90="Submitted On-time","✓","x")) -> ✓ | U10: =IF('MPH Bataan'!$H$91="n/a","na",IF('MPH Bataan'!$H$91="Submitted On-time","✓","x")) -> x | V10: =IF('MPH Bataan'!$H$92="n/a","na",IF('MPH Bataan'!$H$92="Submitted On-time","✓","x")) -> x | W10: =IF('MPH Bataan'!$H$93="n/a","na",IF('MPH Bataan'!$H$93="Submitted On-time","✓","x")) -> x | X10: =IF('MPH Bataan'!$H$94="n/a","na",IF('MPH Bataan'!$H$94="Submitted On-time","✓","x")) -> x | Y10: =IF('MPH Bataan'!$H$95="n/a","na",IF('MPH Bataan'!$H$95="Submitted On-time","✓","x")) -> x | Z10: =IF('MPH Bataan'!$H$96="n/a","na",IF('MPH Bataan'!$H$96="Submitted On-time","✓","x")) -> x | AA10: =IF('MPH Bataan'!$H$97="n/a","na",IF('MPH Bataan'!$H$97="Submitted On-time","✓","x")) -> x | AB10: =IF('MPH Bataan'!$H$98="n/a","na",IF('MPH Bataan'!$H$98="Submitted On-time","✓","x")) -> x | AC10: =IF('MPH Bataan'!$H$99="n/a","na",IF('MPH Bataan'!$H$99="Submitted On-time","✓","x")) -> x | AD10: =IF('MPH Bataan'!$H$100="n/a","na",IF('MPH Bataan'!$H$100="Submitted On-time","✓","x")) -> x | AE10: =IF('MPH Bataan'!$H$101="n/a","na",IF('MPH Bataan'!$H$101="Submitted On-time","✓","x")) -> x | AF10: =IF('MPH Bataan'!$H$102="n/a","na",IF('MPH Bataan'!$H$102="Submitted On-time","✓","x")) -> x | AG10: =IF('MPH Bataan'!$H$103="n/a","na",IF('MPH Bataan'!$H$103="Submitted On-time","✓","x")) -> x | AH10: =IF('MPH Bataan'!$H$104="n/a","na",IF('MPH Bataan'!$H$104="Submitted On-time","✓","x")) -> x | AI10: =IF('MPH Bataan'!$H$105="n/a","na",IF('MPH Bataan'!$H$105="Submitted On-time","✓","x")) -> x | AJ10: =IF('MPH Bataan'!$H$106="n/a","na",IF('MPH Bataan'!$H$106="Submitted On-time","✓","x")) -> x | AK10: =IF('MPH Bataan'!$H$107="n/a","na",IF('MPH Bataan'!$H$107="Submitted On-time","✓","x")) -> x | AL10: =IF('MPH Bataan'!$H$108="n/a","na",IF('MPH Bataan'!$H$108="Submitted On-time","✓","x")) -> x | AM10: =IF('MPH Bataan'!$H$109="n/a","na",IF('MPH Bataan'!$H$109="Submitted On-time","✓","x")) -> x | AN10: =IF('MPH Bataan'!$H$110="n/a","na",IF('MPH Bataan'!$H$110="Submitted On-time","✓","x")) -> x | AO10: =IF('MPH Bataan'!$H$111="n/a","na",IF('MPH Bataan'!$H$111="Submitted On-time","✓","x")) -> x | AP10: =IF('MPH Bataan'!$H$112="n/a","na",IF('MPH Bataan'!$H$112="Submitted On-time","✓","x")) -> x | AQ10: =IF('MPH Bataan'!$H$113="n/a","na",IF('MPH Bataan'!$H$113="Submitted On-time","✓","x")) -> x | AR10: =IF('MPH Bataan'!$H$114="n/a","na",IF('MPH Bataan'!$H$114="Submitted On-time","✓","x")) -> ✓ | AS10: =IF('MPH Bataan'!$H$115="n/a","na",IF('MPH Bataan'!$H$115="Submitted On-time","✓","x")) -> ✓ | AT10: =IF('MPH Bataan'!$H$116="n/a","na",IF('MPH Bataan'!$H$116="Submitted On-time","✓","x")) -> na | AU10: =IF('MPH Bataan'!$H$117="n/a","na",IF('MPH Bataan'!$H$117="Submitted On-time","✓","x")) -> na | AV10: =IF('MPH Bataan'!$H$118="n/a","na",IF('MPH Bataan'!$H$118="Submitted On-time","✓","x")) -> na | AW10: =IF('MPH Bataan'!$H$119="n/a","na",IF('MPH Bataan'!$H$119="Submitted On-time","✓","x")) -> na | AX10: =IF('MPH Bataan'!$H$120="n/a","na",IF('MPH Bataan'!$H$120="Submitted On-time","✓","x")) -> na | AZ10: =COUNTIF(D10:AX10,"*")-COUNTIF(D10:AX10,"NA") -> 42 | BA10: =COUNTIF(D10:AX10,"✓") -> 12 | BB10: =IFERROR(BA10/AZ10,0) -> 0.28571429 | BC10: x
B11: South Luzon | C11: BMP Batangas | D11: =IF('BMP Batangas'!$H$74="n/a","na",IF('BMP Batangas'!$H$74="Submitted On-time","✓","x")) -> x | E11: =IF('BMP Batangas'!$H$75="n/a","na",IF('BMP Batangas'!$H$75="Submitted On-time","✓","x")) -> x | F11: =IF('BMP Batangas'!$H$76="n/a","na",IF('BMP Batangas'!$H$76="Submitted On-time","✓","x")) -> x | G11: =IF('BMP Batangas'!$H$77="n/a","na",IF('BMP Batangas'!$H$77="Submitted On-time","✓","x")) -> x | H11: =IF('BMP Batangas'!$H$78="n/a","na",IF('BMP Batangas'!$H$78="Submitted On-time","✓","x")) -> x | I11: =IF('BMP Batangas'!$H$79="n/a","na",IF('BMP Batangas'!$H$79="Submitted On-time","✓","x")) -> x | J11: =IF('BMP Batangas'!$H$80="n/a","na",IF('BMP Batangas'!$H$80="Submitted On-time","✓","x")) -> x | K11: =IF('BMP Batangas'!$H$81="n/a","na",IF('BMP Batangas'!$H$81="Submitted On-time","✓","x")) -> x | L11: =IF('BMP Batangas'!$H$82="n/a","na",IF('BMP Batangas'!$H$82="Submitted On-time","✓","x")) -> x | M11: =IF('BMP Batangas'!$H$83="n/a","na",IF('BMP Batangas'!$H$83="Submitted On-time","✓","x")) -> x | N11: =IF('BMP Batangas'!$H$84="n/a","na",IF('BMP Batangas'!$H$84="Submitted On-time","✓","x")) -> x | O11: =IF('BMP Batangas'!$H$85="n/a","na",IF('BMP Batangas'!$H$85="Submitted On-time","✓","x")) -> x | P11: =IF('BMP Batangas'!$H$86="n/a","na",IF('BMP Batangas'!$H$86="Submitted On-time","✓","x")) -> x | Q11: =IF('BMP Batangas'!$H$87="n/a","na",IF('BMP Batangas'!$H$87="Submitted On-time","✓","x")) -> x | R11: =IF('BMP Batangas'!$H$88="n/a","na",IF('BMP Batangas'!$H$88="Submitted On-time","✓","x")) -> x | S11: =IF('BMP Batangas'!$H$89="n/a","na",IF('BMP Batangas'!$H$89="Submitted On-time","✓","x")) -> x | T11: =IF('BMP Batangas'!$H$90="n/a","na",IF('BMP Batangas'!$H$90="Submitted On-time","✓","x")) -> x | U11: =IF('BMP Batangas'!$H$91="n/a","na",IF('BMP Batangas'!$H$91="Submitted On-time","✓","x")) -> x | V11: =IF('BMP Batangas'!$H$92="n/a","na",IF('BMP Batangas'!$H$92="Submitted On-time","✓","x")) -> x | W11: =IF('BMP Batangas'!$H$93="n/a","na",IF('BMP Batangas'!$H$93="Submitted On-time","✓","x")) -> x | X11: =IF('BMP Batangas'!$H$94="n/a","na",IF('BMP Batangas'!$H$94="Submitted On-time","✓","x")) -> x | Y11: =IF('BMP Batangas'!$H$95="n/a","na",IF('BMP Batangas'!$H$95="Submitted On-time","✓","x")) -> x | Z11: =IF('BMP Batangas'!$H$96="n/a","na",IF('BMP Batangas'!$H$96="Submitted On-time","✓","x")) -> x | AA11: =IF('BMP Batangas'!$H$97="n/a","na",IF('BMP Batangas'!$H$97="Submitted On-time","✓","x")) -> x | AB11: =IF('BMP Batangas'!$H$98="n/a","na",IF('BMP Batangas'!$H$98="Submitted On-time","✓","x")) -> x | AC11: =IF('BMP Batangas'!$H$99="n/a","na",IF('BMP Batangas'!$H$99="Submitted On-time","✓","x")) -> x | AD11: =IF('BMP Batangas'!$H$100="n/a","na",IF('BMP Batangas'!$H$100="Submitted On-time","✓","x")) -> x | AE11: =IF('BMP Batangas'!$H$101="n/a","na",IF('BMP Batangas'!$H$101="Submitted On-time","✓","x")) -> x | AF11: =IF('BMP Batangas'!$H$102="n/a","na",IF('BMP Batangas'!$H$102="Submitted On-time","✓","x")) -> x | AG11: =IF('BMP Batangas'!$H$103="n/a","na",IF('BMP Batangas'!$H$103="Submitted On-time","✓","x")) -> x | AH11: =IF('BMP Batangas'!$H$104="n/a","na",IF('BMP Batangas'!$H$104="Submitted On-time","✓","x")) -> x | AI11: =IF('BMP Batangas'!$H$105="n/a","na",IF('BMP Batangas'!$H$105="Submitted On-time","✓","x")) -> x | AJ11: =IF('BMP Batangas'!$H$106="n/a","na",IF('BMP Batangas'!$H$106="Submitted On-time","✓","x")) -> x | AK11: =IF('BMP Batangas'!$H$107="n/a","na",IF('BMP Batangas'!$H$107="Submitted On-time","✓","x")) -> x | AL11: =IF('BMP Batangas'!$H$108="n/a","na",IF('BMP Batangas'!$H$108="Submitted On-time","✓","x")) -> x | AM11: =IF('BMP Batangas'!$H$109="n/a","na",IF('BMP Batangas'!$H$109="Submitted On-time","✓","x")) -> x | AN11: =IF('BMP Batangas'!$H$110="n/a","na",IF('BMP Batangas'!$H$110="Submitted On-time","✓","x")) -> x | AO11: =IF('BMP Batangas'!$H$111="n/a","na",IF('BMP Batangas'!$H$111="Submitted On-time","✓","x")) -> x | AP11: =IF('BMP Batangas'!$H$112="n/a","na",IF('BMP Batangas'!$H$112="Submitted On-time","✓","x")) -> x | AQ11: =IF('BMP Batangas'!$H$113="n/a","na",IF('BMP Batangas'!$H$113="Submitted On-time","✓","x")) -> x | AR11: =IF('BMP Batangas'!$H$114="n/a","na",IF('BMP Batangas'!$H$114="Submitted On-time","✓","x")) -> x | AS11: =IF('BMP Batangas'!$H$115="n/a","na",IF('BMP Batangas'!$H$115="Submitted On-time","✓","x")) -> x | AT11: =IF('BMP Batangas'!$H$116="n/a","na",IF('BMP Batangas'!$H$116="Submitted On-time","✓","x")) -> x | AU11: =IF('BMP Batangas'!$H$117="n/a","na",IF('BMP Batangas'!$H$117="Submitted On-time","✓","x")) -> x | AV11: =IF('BMP Batangas'!$H$118="n/a","na",IF('BMP Batangas'!$H$118="Submitted On-time","✓","x")) -> x | AW11: =IF('BMP Batangas'!$H$119="n/a","na",IF('BMP Batangas'!$H$119="Submitted On-time","✓","x")) -> x | AX11: =IF('BMP Batangas'!$H$120="n/a","na",IF('BMP Batangas'!$H$120="Submitted On-time","✓","x")) -> x | AZ11: =COUNTIF(D11:AX11,"*")-COUNTIF(D11:AX11,"NA") -> 47 | BA11: =COUNTIF(D11:AX11,"✓") -> 0 | BB11: =IFERROR(BA11/AZ11,0) -> 0 | BC11: x
B12: South Luzon | C12: MPPP Quezon | D12: =IF('MPPP Quezon'!$H$74="n/a","na",IF('MPPP Quezon'!$H$74="Submitted On-time","✓","x")) -> x | E12: =IF('MPPP Quezon'!$H$75="n/a","na",IF('MPPP Quezon'!$H$75="Submitted On-time","✓","x")) -> x | F12: =IF('MPPP Quezon'!$H$76="n/a","na",IF('MPPP Quezon'!$H$76="Submitted On-time","✓","x")) -> x | G12: =IF('MPPP Quezon'!$H$77="n/a","na",IF('MPPP Quezon'!$H$77="Submitted On-time","✓","x")) -> x | H12: =IF('MPPP Quezon'!$H$78="n/a","na",IF('MPPP Quezon'!$H$78="Submitted On-time","✓","x")) -> x | I12: =IF('MPPP Quezon'!$H$79="n/a","na",IF('MPPP Quezon'!$H$79="Submitted On-time","✓","x")) -> x | J12: =IF('MPPP Quezon'!$H$80="n/a","na",IF('MPPP Quezon'!$H$80="Submitted On-time","✓","x")) -> x | K12: =IF('MPPP Quezon'!$H$81="n/a","na",IF('MPPP Quezon'!$H$81="Submitted On-time","✓","x")) -> x | L12: =IF('MPPP Quezon'!$H$82="n/a","na",IF('MPPP Quezon'!$H$82="Submitted On-time","✓","x")) -> x | M12: =IF('MPPP Quezon'!$H$83="n/a","na",IF('MPPP Quezon'!$H$83="Submitted On-time","✓","x")) -> x | N12: =IF('MPPP Quezon'!$H$84="n/a","na",IF('MPPP Quezon'!$H$84="Submitted On-time","✓","x")) -> ✓ | O12: =IF('MPPP Quezon'!$H$85="n/a","na",IF('MPPP Quezon'!$H$85="Submitted On-time","✓","x")) -> x | P12: =IF('MPPP Quezon'!$H$86="n/a","na",IF('MPPP Quezon'!$H$86="Submitted On-time","✓","x")) -> x | Q12: =IF('MPPP Quezon'!$H$87="n/a","na",IF('MPPP Quezon'!$H$87="Submitted On-time","✓","x")) -> x | R12: =IF('MPPP Quezon'!$H$88="n/a","na",IF('MPPP Quezon'!$H$88="Submitted On-time","✓","x")) -> x | S12: =IF('MPPP Quezon'!$H$89="n/a","na",IF('MPPP Quezon'!$H$89="Submitted On-time","✓","x")) -> x | T12: =IF('MPPP Quezon'!$H$90="n/a","na",IF('MPPP Quezon'!$H$90="Submitted On-time","✓","x")) -> x | U12: =IF('MPPP Quezon'!$H$91="n/a","na",IF('MPPP Quezon'!$H$91="Submitted On-time","✓","x")) -> x | V12: =IF('MPPP Quezon'!$H$92="n/a","na",IF('MPPP Quezon'!$H$92="Submitted On-time","✓","x")) -> x | W12: =IF('MPPP Quezon'!$H$93="n/a","na",IF('MPPP Quezon'!$H$93="Submitted On-time","✓","x")) -> x | X12: =IF('MPPP Quezon'!$H$94="n/a","na",IF('MPPP Quezon'!$H$94="Submitted On-time","✓","x")) -> x | Y12: =IF('MPPP Quezon'!$H$95="n/a","na",IF('MPPP Quezon'!$H$95="Submitted On-time","✓","x")) -> x | Z12: =IF('MPPP Quezon'!$H$96="n/a","na",IF('MPPP Quezon'!$H$96="Submitted On-time","✓","x")) -> x | AA12: =IF('MPPP Quezon'!$H$97="n/a","na",IF('MPPP Quezon'!$H$97="Submitted On-time","✓","x")) -> x | AB12: =IF('MPPP Quezon'!$H$98="n/a","na",IF('MPPP Quezon'!$H$98="Submitted On-time","✓","x")) -> x | AC12: =IF('MPPP Quezon'!$H$99="n/a","na",IF('MPPP Quezon'!$H$99="Submitted On-time","✓","x")) -> x | AD12: =IF('MPPP Quezon'!$H$100="n/a","na",IF('MPPP Quezon'!$H$100="Submitted On-time","✓","x")) -> x | AE12: =IF('MPPP Quezon'!$H$101="n/a","na",IF('MPPP Quezon'!$H$101="Submitted On-time","✓","x")) -> x | AF12: =IF('MPPP Quezon'!$H$102="n/a","na",IF('MPPP Quezon'!$H$102="Submitted On-time","✓","x")) -> x | AG12: =IF('MPPP Quezon'!$H$103="n/a","na",IF('MPPP Quezon'!$H$103="Submitted On-time","✓","x")) -> x | AH12: =IF('MPPP Quezon'!$H$104="n/a","na",IF('MPPP Quezon'!$H$104="Submitted On-time","✓","x")) -> x | AI12: =IF('MPPP Quezon'!$H$105="n/a","na",IF('MPPP Quezon'!$H$105="Submitted On-time","✓","x")) -> x | AJ12: =IF('MPPP Quezon'!$H$106="n/a","na",IF('MPPP Quezon'!$H$106="Submitted On-time","✓","x")) -> x | AK12: =IF('MPPP Quezon'!$H$107="n/a","na",IF('MPPP Quezon'!$H$107="Submitted On-time","✓","x")) -> x | AL12: =IF('MPPP Quezon'!$H$108="n/a","na",IF('MPPP Quezon'!$H$108="Submitted On-time","✓","x")) -> x | AM12: =IF('MPPP Quezon'!$H$109="n/a","na",IF('MPPP Quezon'!$H$109="Submitted On-time","✓","x")) -> x | AN12: =IF('MPPP Quezon'!$H$110="n/a","na",IF('MPPP Quezon'!$H$110="Submitted On-time","✓","x")) -> x | AO12: =IF('MPPP Quezon'!$H$111="n/a","na",IF('MPPP Quezon'!$H$111="Submitted On-time","✓","x")) -> x | AP12: =IF('MPPP Quezon'!$H$112="n/a","na",IF('MPPP Quezon'!$H$112="Submitted On-time","✓","x")) -> x | AQ12: =IF('MPPP Quezon'!$H$113="n/a","na",IF('MPPP Quezon'!$H$113="Submitted On-time","✓","x")) -> x | AR12: =IF('MPPP Quezon'!$H$114="n/a","na",IF('MPPP Quezon'!$H$114="Submitted On-time","✓","x")) -> x | AS12: =IF('MPPP Quezon'!$H$115="n/a","na",IF('MPPP Quezon'!$H$115="Submitted On-time","✓","x")) -> x | AT12: =IF('MPPP Quezon'!$H$116="n/a","na",IF('MPPP Quezon'!$H$116="Submitted On-time","✓","x")) -> x | AU12: =IF('MPPP Quezon'!$H$117="n/a","na",IF('MPPP Quezon'!$H$117="Submitted On-time","✓","x")) -> x | AV12: =IF('MPPP Quezon'!$H$118="n/a","na",IF('MPPP Quezon'!$H$118="Submitted On-time","✓","x")) -> x | AW12: =IF('MPPP Quezon'!$H$119="n/a","na",IF('MPPP Quezon'!$H$119="Submitted On-time","✓","x")) -> x | AX12: =IF('MPPP Quezon'!$H$120="n/a","na",IF('MPPP Quezon'!$H$120="Submitted On-time","✓","x")) -> x | AZ12: =COUNTIF(D12:AX12,"*")-COUNTIF(D12:AX12,"NA") -> 47 | BA12: =COUNTIF(D12:AX12,"✓") -> 1 | BB12: =IFERROR(BA12/AZ12,0) -> 0.021276596 | BC12: x
B13: South Luzon | C13: MPPP CamSur | D13: =IF('MPPP CamSur'!$H$74="n/a","na",IF('MPPP CamSur'!$H$74="Submitted On-time","✓","x")) -> x | E13: =IF('MPPP CamSur'!$H$75="n/a","na",IF('MPPP CamSur'!$H$75="Submitted On-time","✓","x")) -> x | F13: =IF('MPPP CamSur'!$H$76="n/a","na",IF('MPPP CamSur'!$H$76="Submitted On-time","✓","x")) -> x | G13: =IF('MPPP CamSur'!$H$77="n/a","na",IF('MPPP CamSur'!$H$77="Submitted On-time","✓","x")) -> x | H13: =IF('MPPP CamSur'!$H$78="n/a","na",IF('MPPP CamSur'!$H$78="Submitted On-time","✓","x")) -> x | I13: =IF('MPPP CamSur'!$H$79="n/a","na",IF('MPPP CamSur'!$H$79="Submitted On-time","✓","x")) -> x | J13: =IF('MPPP CamSur'!$H$80="n/a","na",IF('MPPP CamSur'!$H$80="Submitted On-time","✓","x")) -> x | K13: =IF('MPPP CamSur'!$H$81="n/a","na",IF('MPPP CamSur'!$H$81="Submitted On-time","✓","x")) -> x | L13: =IF('MPPP CamSur'!$H$82="n/a","na",IF('MPPP CamSur'!$H$82="Submitted On-time","✓","x")) -> ✓ | M13: =IF('MPPP CamSur'!$H$83="n/a","na",IF('MPPP CamSur'!$H$83="Submitted On-time","✓","x")) -> ✓ | N13: =IF('MPPP CamSur'!$H$84="n/a","na",IF('MPPP CamSur'!$H$84="Submitted On-time","✓","x")) -> x | O13: =IF('MPPP CamSur'!$H$85="n/a","na",IF('MPPP CamSur'!$H$85="Submitted On-time","✓","x")) -> x | P13: =IF('MPPP CamSur'!$H$86="n/a","na",IF('MPPP CamSur'!$H$86="Submitted On-time","✓","x")) -> x | Q13: =IF('MPPP CamSur'!$H$87="n/a","na",IF('MPPP CamSur'!$H$87="Submitted On-time","✓","x")) -> x | R13: =IF('MPPP CamSur'!$H$88="n/a","na",IF('MPPP CamSur'!$H$88="Submitted On-time","✓","x")) -> x | S13: =IF('MPPP CamSur'!$H$89="n/a","na",IF('MPPP CamSur'!$H$89="Submitted On-time","✓","x")) -> x | T13: =IF('MPPP CamSur'!$H$90="n/a","na",IF('MPPP CamSur'!$H$90="Submitted On-time","✓","x")) -> x | U13: =IF('MPPP CamSur'!$H$91="n/a","na",IF('MPPP CamSur'!$H$91="Submitted On-time","✓","x")) -> x | V13: =IF('MPPP CamSur'!$H$92="n/a","na",IF('MPPP CamSur'!$H$92="Submitted On-time","✓","x")) -> x | W13: =IF('MPPP CamSur'!$H$93="n/a","na",IF('MPPP CamSur'!$H$93="Submitted On-time","✓","x")) -> x | X13: =IF('MPPP CamSur'!$H$94="n/a","na",IF('MPPP CamSur'!$H$94="Submitted On-time","✓","x")) -> x | Y13: =IF('MPPP CamSur'!$H$95="n/a","na",IF('MPPP CamSur'!$H$95="Submitted On-time","✓","x")) -> x | Z13: =IF('MPPP CamSur'!$H$96="n/a","na",IF('MPPP CamSur'!$H$96="Submitted On-time","✓","x")) -> x | AA13: =IF('MPPP CamSur'!$H$97="n/a","na",IF('MPPP CamSur'!$H$97="Submitted On-time","✓","x")) -> x | AB13: =IF('MPPP CamSur'!$H$98="n/a","na",IF('MPPP CamSur'!$H$98="Submitted On-time","✓","x")) -> x | AC13: =IF('MPPP CamSur'!$H$99="n/a","na",IF('MPPP CamSur'!$H$99="Submitted On-time","✓","x")) -> x | AD13: =IF('MPPP CamSur'!$H$100="n/a","na",IF('MPPP CamSur'!$H$100="Submitted On-time","✓","x")) -> x | AE13: =IF('MPPP CamSur'!$H$101="n/a","na",IF('MPPP CamSur'!$H$101="Submitted On-time","✓","x")) -> x | AF13: =IF('MPPP CamSur'!$H$102="n/a","na",IF('MPPP CamSur'!$H$102="Submitted On-time","✓","x")) -> x | AG13: =IF('MPPP CamSur'!$H$103="n/a","na",IF('MPPP CamSur'!$H$103="Submitted On-time","✓","x")) -> x | AH13: =IF('MPPP CamSur'!$H$104="n/a","na",IF('MPPP CamSur'!$H$104="Submitted On-time","✓","x")) -> x | AI13: =IF('MPPP CamSur'!$H$105="n/a","na",IF('MPPP CamSur'!$H$105="Submitted On-time","✓","x")) -> x | AJ13: =IF('MPPP CamSur'!$H$106="n/a","na",IF('MPPP CamSur'!$H$106="Submitted On-time","✓","x")) -> x | AK13: =IF('MPPP CamSur'!$H$107="n/a","na",IF('MPPP CamSur'!$H$107="Submitted On-time","✓","x")) -> x | AL13: =IF('MPPP CamSur'!$H$108="n/a","na",IF('MPPP CamSur'!$H$108="Submitted On-time","✓","x")) -> x | AM13: =IF('MPPP CamSur'!$H$109="n/a","na",IF('MPPP CamSur'!$H$109="Submitted On-time","✓","x")) -> x | AN13: =IF('MPPP CamSur'!$H$110="n/a","na",IF('MPPP CamSur'!$H$110="Submitted On-time","✓","x")) -> x | AO13: =IF('MPPP CamSur'!$H$111="n/a","na",IF('MPPP CamSur'!$H$111="Submitted On-time","✓","x")) -> x | AP13: =IF('MPPP CamSur'!$H$112="n/a","na",IF('MPPP CamSur'!$H$112="Submitted On-time","✓","x")) -> x | AQ13: =IF('MPPP CamSur'!$H$113="n/a","na",IF('MPPP CamSur'!$H$113="Submitted On-time","✓","x")) -> x | AR13: =IF('MPPP CamSur'!$H$114="n/a","na",IF('MPPP CamSur'!$H$114="Submitted On-time","✓","x")) -> x | AS13: =IF('MPPP CamSur'!$H$115="n/a","na",IF('MPPP CamSur'!$H$115="Submitted On-time","✓","x")) -> x | AT13: =IF('MPPP CamSur'!$H$116="n/a","na",IF('MPPP CamSur'!$H$116="Submitted On-time","✓","x")) -> x | AU13: =IF('MPPP CamSur'!$H$117="n/a","na",IF('MPPP CamSur'!$H$117="Submitted On-time","✓","x")) -> x | AV13: =IF('MPPP CamSur'!$H$118="n/a","na",IF('MPPP CamSur'!$H$118="Submitted On-time","✓","x")) -> x | AW13: =IF('MPPP CamSur'!$H$119="n/a","na",IF('MPPP CamSur'!$H$119="Submitted On-time","✓","x")) -> x | AX13: =IF('MPPP CamSur'!$H$120="n/a","na",IF('MPPP CamSur'!$H$120="Submitted On-time","✓","x")) -> x | AZ13: =COUNTIF(D13:AX13,"*")-COUNTIF(D13:AX13,"NA") -> 47 | BA13: =COUNTIF(D13:AX13,"✓") -> 2 | BB13: =IFERROR(BA13/AZ13,0) -> 0.042553191 | BC13: x
